year,population,deaths,entrants,mean_age,mean_taxable_income,median_taxable_income,pct_taxable,sex_male_pct
2013,20000,0,0,43.1209,55994.52761800001,41866.095,74.715,52.37500000000001
2014,20339,6,345,43.784551846206796,58087.80850919995,42383.671620239795,74.6251044790796,52.32312306406411
2015,20684,112,457,44.155047379617095,60282.79979531824,42169.13622875829,73.93154128795204,52.27712241345968
2016,21035,106,457,44.54247682434038,62472.58580680221,42413.96441299339,73.46327549322558,52.222486332303305
2017,21392,100,457,44.94956058339566,64852.32633178565,42687.39887824115,73.52748691099477,52.25785340314136
2018,21755,119,482,45.30590668811767,67273.0996526182,43509.36008531477,74.13008503792233,52.286830613652036
2019,22124,102,471,45.691647080094015,69848.33671308678,44551.99578064024,74.19092388356536,52.17862954257819
2020,22499,127,502,46.022756566958535,72433.12844129761,45740.96179772806,74.52775678919063,52.06009155962488
2021,22881,116,498,46.38542895852454,75084.07967618093,47000.259077567214,74.80005244526026,51.960141602202704
2022,23269,142,530,46.69577549529417,77834.78889052161,48026.49443570547,75.49959173148825,51.90167175211655
2023,23664,151,546,46.98339249492901,80752.03078871923,49452.27066114887,76.03110209601081,51.81710615280595
