year,population,deaths,entrants,mean_age,mean_taxable_income,median_taxable_income,pct_taxable
2023,20000,0,0,43.4447,73973.3269395,55427.9,78.415
2024,20309,78,387,43.935447338618346,76665.55469502634,54086.90565258013,77.73400955241519
2025,20623,123,437,44.32226155263541,79371.57574338221,53087.08238791505,77.90816079134947
2026,20942,106,425,44.74185846624009,82214.60732036085,52787.63690068967,77.73851590106007
2027,21265,102,425,45.16985657183165,85258.8471947922,53628.52371447568,78.01551845755938
2028,21593,106,434,45.57259296994396,88192.40989987532,54108.51553364615,78.23831797341731
2029,21927,115,449,45.97268208145209,91318.464849843,54891.70829587799,78.44210334291056
2030,22266,130,469,46.32035390281146,94586.13717412911,56189.86584752419,78.70295517829875
2031,22610,135,479,46.64577620521893,98076.05674497719,57430.98089177161,79.05351614329943
2032,22959,145,494,46.95657476370922,101662.13125907902,58393.28625901854,79.51130275708871
2033,23314,170,525,47.21858111006262,105299.46375397817,59284.023539744565,80.0892167796174
