"Personal Income in Australia: Table 2. Total income, earners and summary statistics by age group, sex and geography, 2021-22 to 2022-23",,,,,,,,,,,,
Released at 11.30am (Canberra time) 14 November 2025,,,,,,,,,,,,
Table 2.1,"Total income - Number of earners, median($), mean($), by broad age group, sex and State, 2021-22 to 2022-23",,,,,,,,,,,
,,,,Earners (persons),,Median ($),,Mean ($),,,,
STATE,STATE NAME,Age Range,Sex,2021-22,2022-23,2021-22,2022-23,2021-22,2022-23,,,
0,Australia,24 and Under,Males,1234926,1331332,24743,26759,31645,33748,,,
0,Australia,24 and Under,Females,1217339,1307403,20132,21726,26971,28664,,,
0,Australia,24 and Under,Persons,2464534,2651734,22124,23840,29198,31096,,,
0,Australia,25 to 34,Males,1783297,1884639,66246,69622,73770,76564,,,
0,Australia,25 to 34,Females,1701737,1811165,54358,57324,59432,61872,,,
0,Australia,25 to 34,Persons,3485138,3695913,60292,63382,66768,69361,,,
0,Australia,35 to 44,Males,1697582,1761042,87505,92266,104305,108239,,,
0,Australia,35 to 44,Females,1623025,1698381,60363,64602,72710,76328,,,
0,Australia,35 to 44,Persons,3320657,3459463,73630,77912,88856,92573,,,
0,Australia,45 to 54,Males,1483770,1505823,89633,95400,116972,122232,,,
0,Australia,45 to 54,Females,1463005,1490194,63926,68570,80052,84819,,,
0,Australia,45 to 54,Persons,2946802,2996027,75880,80926,98640,103621,,,
0,Australia,55 to 64,Males,1248875,1269823,74687,79428,100812,106927,,,
0,Australia,55 to 64,Females,1205702,1230110,53847,57277,67757,71822,,,
0,Australia,55 to 64,Persons,2454585,2499946,63634,67489,84575,89637,,,
0,Australia,65+,Males,963681,1021904,26716,28363,59060,59436,,,
0,Australia,65+,Females,900257,953092,18551,20610,43025,43972,,,
0,Australia,65+,Persons,1863938,1975000,22410,24168,51311,51965,,,
0,Australia,Total,Males,8412125,8774563,63888,67188,83694,86673,,,
0,Australia,Total,Females,8111061,8490345,47403,50485,60346,63108,,,
0,Australia,Total,Persons,16535704,17278097,55062,58216,72179,75026,,,
1,New South Wales,24 and Under,Males,385550,417567,24026,26894,30990,33666,,,
1,New South Wales,24 and Under,Females,378233,408194,19455,21802,26660,28897,,,
1,New South Wales,24 and Under,Persons,767048,829364,21480,24011,28740,31190,,,
1,New South Wales,25 to 34,Males,550544,576094,66854,71173,75833,79176,,,
1,New South Wales,25 to 34,Females,530332,559796,56016,59790,61944,64762,,,
1,New South Wales,25 to 34,Persons,1080904,1135918,61428,65376,69016,72069,,,
1,New South Wales,35 to 44,Males,527941,541860,89509,95233,111090,115109,,,
1,New South Wales,35 to 44,Females,503204,523267,63057,67800,77529,81598,,,
1,New South Wales,35 to 44,Persons,1031164,1065141,75927,80887,94717,98646,,,
1,New South Wales,45 to 54,Males,455126,461217,90095,96657,126007,131558,,,
1,New South Wales,45 to 54,Females,450045,458679,65806,70855,85580,90655,,,
1,New South Wales,45 to 54,Persons,905180,919903,77091,82694,105918,111157,,,
1,New South Wales,55 to 64,Males,387732,391593,72752,78182,104050,108849,,,
1,New South Wales,55 to 64,Females,373832,380473,54019,58041,70269,74488,,,
1,New South Wales,55 to 64,Persons,761568,772070,62729,67187,87470,91922,,,
1,New South Wales,65+,Males,307922,330128,25026,26552,60261,60728,,,
1,New South Wales,65+,Females,288866,309661,18950,21033,45501,46064,,,
1,New South Wales,65+,Persons,596788,639784,21876,23567,53108,53630,,,
1,New South Wales,Total,Males,2614823,2718457,63100,67101,87410,90273,,,
1,New South Wales,Total,Females,2524507,2640075,48046,51851,63326,66257,,,
1,New South Wales,Total,Persons,5142655,5362188,55105,58909,75530,78391,,,
2,Victoria,24 and Under,Males,305611,330393,23255,25244,30044,32086,,,
2,Victoria,24 and Under,Females,302912,326038,19384,21231,26166,27951,,,
2,Victoria,24 and Under,Persons,610987,658788,21030,22911,28015,29939,,,
2,Victoria,25 to 34,Males,474178,498526,64641,68278,71476,74511,,,
2,Victoria,25 to 34,Females,456319,484093,55086,58349,59832,62309,,,
2,Victoria,25 to 34,Persons,930524,982647,59939,63282,65762,68497,,,
2,Victoria,35 to 44,Males,444133,462141,86233,90475,102150,105856,,,
2,Victoria,35 to 44,Females,425229,447155,60390,64553,73533,76460,,,
2,Victoria,35 to 44,Persons,869374,909307,73265,77220,88160,91407,,,
2,Victoria,45 to 54,Males,372658,378215,87492,92820,116190,120481,,,
2,Victoria,45 to 54,Females,371748,378797,63215,67732,80255,85120,,,
2,Victoria,45 to 54,Persons,744406,757011,74743,79616,98248,102789,,,
2,Victoria,55 to 64,Males,307937,313904,74020,78394,101116,105869,,,
2,Victoria,55 to 64,Females,299284,306692,53648,57029,68235,71775,,,
2,Victoria,55 to 64,Persons,607226,620599,63439,67106,84910,89033,,,
2,Victoria,65+,Males,236670,250646,26093,27755,59188,60374,,,
2,Victoria,65+,Females,227717,241528,18643,20407,44295,44752,,,
2,Victoria,65+,Persons,464385,492172,22104,23687,51867,52673,,,
2,Victoria,Total,Males,2141190,2233820,62993,66278,82608,85319,,,
2,Victoria,Total,Females,2083218,2184299,47346,50555,60885,63423,,,
2,Victoria,Total,Persons,4226926,4420528,54708,57907,71850,74454,,,
3,Queensland,24 and Under,Males,268466,289547,25991,27362,32431,34219,,,
3,Queensland,24 and Under,Females,267817,288946,21114,21885,27318,28579,,,
3,Queensland,24 and Under,Persons,539579,582029,23163,24144,29720,31236,,,
3,Queensland,25 to 34,Males,350258,373672,65034,67686,71428,73853,,,
3,Queensland,25 to 34,Females,335731,362468,51948,53852,56314,58065,,,
3,Queensland,25 to 34,Persons,685995,736164,58284,60472,64030,66081,,,
3,Queensland,35 to 44,Males,334887,349713,84428,89109,98343,102536,,,
3,Queensland,35 to 44,Females,326636,342887,58662,62538,68645,72468,,,
3,Queensland,35 to 44,Persons,661531,692608,71055,75197,83681,87651,,,
3,Queensland,45 to 54,Males,309285,315206,87749,93501,108868,114638,,,
3,Queensland,45 to 54,Females,307209,315159,62428,66882,75138,79720,,,
3,Queensland,45 to 54,Persons,616500,630367,74260,79118,92060,97177,,,
3,Queensland,55 to 64,Males,255050,261806,73748,78527,94686,99761,,,
3,Queensland,55 to 64,Females,247485,254542,53028,56138,63816,67185,,,
3,Queensland,55 to 64,Persons,502538,516349,62606,66325,79479,83715,,,
3,Queensland,65+,Males,183927,195095,24880,26856,58299,54178,,,
3,Queensland,65+,Females,167638,178480,16933,18873,37885,39641,,,
3,Queensland,65+,Persons,351564,373569,20755,22617,48572,47242,,,
3,Queensland,Total,Males,1701876,1785042,62922,65901,79425,81897,,,
3,Queensland,Total,Females,1652515,1742488,46678,49071,56804,59375,,,
3,Queensland,Total,Persons,3357711,3531096,54076,56708,68218,70708,,,
4,South Australia,24 and Under,Males,83077,87631,25381,27039,31090,32860,,,
4,South Australia,24 and Under,Females,81573,85338,20570,21700,26748,28087,,,
4,South Australia,24 and Under,Persons,165448,173837,22677,23882,28817,30372,,,
4,South Australia,25 to 34,Males,117795,124612,62952,65787,67673,70496,,,
4,South Australia,25 to 34,Females,108464,115286,51787,54647,55591,57886,,,
4,South Australia,25 to 34,Persons,226277,239901,57597,60370,61875,64437,,,
4,South Australia,35 to 44,Males,108635,113011,77835,81952,89094,93260,,,
4,South Australia,35 to 44,Females,103447,108662,57891,60655,66428,69142,,,
4,South Australia,35 to 44,Persons,212087,221675,68051,71279,78032,81441,,,
4,South Australia,45 to 54,Males,99438,100083,80593,84961,98271,103733,,,
4,South Australia,45 to 54,Females,97570,98471,62617,65914,73598,77394,,,
4,South Australia,45 to 54,Persons,197012,198554,71363,75134,86051,90676,,,
4,South Australia,55 to 64,Males,90399,91497,70712,73543,89097,92120,,,
4,South Australia,55 to 64,Females,88482,89689,54134,55952,64326,66613,,,
4,South Australia,55 to 64,Persons,178886,181183,62239,64480,76844,79503,,,
4,South Australia,65+,Males,74817,78154,31934,32692,54738,55428,,,
4,South Australia,65+,Females,68518,71499,19610,20474,41341,41158,,,
4,South Australia,65+,Persons,143334,149654,25344,26052,48325,48618,,,
4,South Australia,Total,Males,574168,594986,60541,63188,73414,76216,,,
4,South Australia,Total,Females,548049,568941,46465,48697,56182,58221,,,
4,South Australia,Total,Persons,1123049,1164801,53353,55782,64955,67369,,,
5,Western Australia,24 and Under,Males,133182,143857,27396,28402,35493,37125,,,
5,Western Australia,24 and Under,Females,129025,138194,21835,22518,28534,29817,,,
5,Western Australia,24 and Under,Persons,263899,283901,24188,25000,31884,33353,,,
5,Western Australia,25 to 34,Males,189972,208003,75872,76566,84366,84952,,,
5,Western Australia,25 to 34,Females,175834,190741,53904,55397,59132,60965,,,
5,Western Australia,25 to 34,Persons,365816,398753,64407,65446,72235,73478,,,
5,Western Australia,35 to 44,Males,191235,201039,101401,106364,115896,120068,,,
5,Western Australia,35 to 44,Females,176344,185518,57151,61320,68954,73424,,,
5,Western Australia,35 to 44,Persons,367580,386569,78257,82477,93382,97681,,,
5,Western Australia,45 to 54,Males,166205,169242,107104,114004,129709,136112,,,
5,Western Australia,45 to 54,Females,157335,159246,63251,68449,78152,84199,,,
5,Western Australia,45 to 54,Persons,323550,328488,82821,88850,104642,110954,,,
5,Western Australia,55 to 64,Males,139343,141959,90638,96491,116503,134376,,,
5,Western Australia,55 to 64,Females,130648,132280,55321,59264,69993,78233,,,
5,Western Australia,55 to 64,Persons,269990,274243,71058,75730,94043,107142,,,
5,Western Australia,65+,Males,104339,109178,29238,31613,62514,67745,,,
5,Western Australia,65+,Females,96464,97902,17581,21266,43167,46281,,,
5,Western Australia,65+,Persons,200803,207081,23063,26200,53286,57586,,,
5,Western Australia,Total,Males,924279,973289,75375,78052,94382,99346,,,
5,Western Australia,Total,Females,865651,903880,47218,50126,59909,63748,,,
5,Western Australia,Total,Persons,1791646,1879037,59426,62207,77660,82120,,,
6,Tasmania,24 and Under,Males,24329,25251,26002,28097,31301,33031,,,
6,Tasmania,24 and Under,Females,23896,24880,19532,20798,26202,27493,,,
6,Tasmania,24 and Under,Persons,48550,50456,22172,23675,28608,30113,,,
6,Tasmania,25 to 34,Males,38956,39822,58957,63137,62739,66355,,,
6,Tasmania,25 to 34,Females,35439,36907,47828,51808,51752,55290,,,
6,Tasmania,25 to 34,Persons,74401,76728,54000,57894,57500,61028,,,
6,Tasmania,35 to 44,Males,31354,32503,73158,76861,82870,86243,,,
6,Tasmania,35 to 44,Females,30713,32003,54575,58178,62816,66251,,,
6,Tasmania,35 to 44,Persons,62070,64514,64102,67645,72954,76325,,,
6,Tasmania,45 to 54,Males,29568,29531,78244,82365,91461,95726,,,
6,Tasmania,45 to 54,Females,30457,30641,59904,63547,73623,73154,,,
6,Tasmania,45 to 54,Persons,60026,60166,68945,72819,82427,84226,,,
6,Tasmania,55 to 64,Males,29225,29165,66884,70426,80771,84312,,,
6,Tasmania,55 to 64,Females,29331,29488,50962,53389,59991,62564,,,
6,Tasmania,55 to 64,Persons,58553,58651,59026,61852,70357,73376,,,
6,Tasmania,65+,Males,23428,24625,27152,28599,46598,47640,,,
6,Tasmania,65+,Females,20577,21709,17447,19077,38082,37938,,,
6,Tasmania,65+,Persons,44003,46330,22291,23550,42632,43084,,,
6,Tasmania,Total,Males,176867,180890,57369,60429,67644,70411,,,
6,Tasmania,Total,Females,170409,175634,44119,46542,53854,55539,,,
6,Tasmania,Total,Persons,347601,356850,50645,53479,60821,63028,,,
7,Northern Territory,24 and Under,Males,10979,11557,30908,31851,37316,38830,,,
7,Northern Territory,24 and Under,Females,10108,10401,22659,22798,30769,31649,,,
7,Northern Territory,24 and Under,Persons,21261,22127,26045,26983,33929,35193,,,
7,Northern Territory,25 to 34,Males,19408,20332,70156,72017,72519,74484,,,
7,Northern Territory,25 to 34,Females,18528,19361,60139,61086,62296,68182,,,
7,Northern Territory,25 to 34,Persons,37942,39694,65139,66553,67521,71448,,,
7,Northern Territory,35 to 44,Males,16080,16573,87763,91116,95329,98801,,,
7,Northern Territory,35 to 44,Females,15365,15707,68418,70604,74150,77407,,,
7,Northern Territory,35 to 44,Persons,31445,32276,78250,80835,84988,88378,,,
7,Northern Territory,45 to 54,Males,13139,13165,92728,95369,103898,107594,,,
7,Northern Territory,45 to 54,Females,12236,12243,76879,78775,84177,87080,,,
7,Northern Territory,45 to 54,Persons,25370,25402,84844,87191,94386,97721,,,
7,Northern Territory,55 to 64,Males,10190,10243,84717,88463,99594,103615,,,
7,Northern Territory,55 to 64,Females,9030,9071,71554,72739,79177,81429,,,
7,Northern Territory,55 to 64,Persons,19218,19319,78623,80330,90031,93205,,,
7,Northern Territory,65+,Males,5663,5874,46292,47566,68982,67824,,,
7,Northern Territory,65+,Females,4605,4857,38085,39189,53412,56116,,,
7,Northern Territory,65+,Persons,10271,10728,42753,43960,61980,62569,,,
7,Northern Territory,Total,Males,75457,77738,71700,73682,81096,83306,,,
7,Northern Territory,Total,Females,69871,71641,58837,60387,65775,69048,,,
7,Northern Territory,Total,Persons,145510,149550,65301,66831,73648,76388,,,
8,Australian Capital Territory,24 and Under,Males,22570,23810,25302,27133,32558,34865,,,
8,Australian Capital Territory,24 and Under,Females,22653,23804,21953,23495,30554,31931,,,
8,Australian Capital Territory,24 and Under,Persons,45427,47830,23390,25009,31432,33260,,,
8,Australian Capital Territory,25 to 34,Males,38177,39265,73372,78602,77529,82395,,,
8,Australian Capital Territory,25 to 34,Females,37348,38646,69559,73664,69819,74048,,,
8,Australian Capital Territory,25 to 34,Persons,75531,77907,71574,76108,73716,78250,,,
8,Australian Capital Territory,35 to 44,Males,34135,34920,105232,109175,116957,120342,,,
8,Australian Capital Territory,35 to 44,Females,33824,35023,85719,89081,91877,95867,,,
8,Australian Capital Territory,35 to 44,Persons,67957,69939,95213,98635,104477,108083,,,
8,Australian Capital Territory,45 to 54,Males,26940,27306,116511,121063,134627,141115,,,
8,Australian Capital Territory,45 to 54,Females,26814,27201,96739,101006,106309,111318,,,
8,Australian Capital Territory,45 to 54,Persons,53751,54505,105963,110783,120503,126246,,,
8,Australian Capital Territory,55 to 64,Males,19867,20052,98010,102856,122244,127972,,,
8,Australian Capital Territory,55 to 64,Females,20166,20230,76807,80018,89677,92778,,,
8,Australian Capital Territory,55 to 64,Persons,40034,40285,86328,90515,105841,110314,,,
8,Australian Capital Territory,65+,Males,19774,20666,54801,56886,71218,73670,,,
8,Australian Capital Territory,65+,Females,19438,20696,35033,36822,52166,53132,,,
8,Australian Capital Territory,65+,Persons,39207,41363,44724,46151,61733,63362,,,
8,Australian Capital Territory,Total,Males,161452,166018,78182,81945,93831,97632,,,
8,Australian Capital Territory,Total,Females,160253,165589,66091,69529,75383,78396,,,
8,Australian Capital Territory,Total,Persons,321909,331829,72115,75643,84591,87970,,,
Totals may not align with the sum of their components due to missing or unpublished information in the underlying data and perturbation.,,,,,,,,,,,,
np - not published to protect the confidentiality of individuals or businesses.,,,,,,,,,,,,
Data in this release is on Australian Statistical Geography Standard (ASGS) Edition 3.,,,,,,,,,,,,
