GCCSA,GCCSA NAME,Earners,Median age of earners,Sum,Median,Mean,P80/P20,P80/P50,P20/P50,P10/P50,Gini coefficient,Top 1%,Top 5%,Top 10%,Lowest Quartile,Second Quartile,Third Quartile,Highest Quartile,,
Australia ,,17278093.0,41.0,1295771266784.0,58216.0,74995.0,6.1,1.92,0.31,0.1,0.499,9.9,22.8,34.0,25.0,25.0,25.0,25.0,,
New South Wales,,5362189.0,41.0,420342858213.0,58909.0,78390.0,6.26,1.94,0.31,0.1,0.516,11.2,24.6,35.8,25.1,24.4,24.4,26.1,,
1GSYD,Greater Sydney,3571305.0,40.0,303373048727.0,62180.0,84947.0,6.15,1.95,0.32,0.11,0.521,12.1,25.8,36.9,24.0,23.2,24.2,28.6,,
1RNSW,Rest of NSW,1789983.0,43.0,116953193849.0,53274.0,65338.0,6.58,1.9,0.29,0.09,0.494,8.1,20.6,31.9,27.3,26.7,25.0,21.0,,
Victoria,,4420529.0,40.0,329153998007.0,57907.0,74460.0,5.91,1.9,0.32,0.11,0.495,9.8,22.7,33.9,24.9,25.4,25.3,24.5,,
2GMEL,Greater Melbourne,3405817.0,40.0,264615737998.0,59784.0,77695.0,5.82,1.91,0.33,0.12,0.496,10.2,23.2,34.3,24.1,24.7,25.2,26.0,,
2RVIC,Rest of Vic.,1013363.0,44.0,64472953539.0,52409.0,63623.0,6.23,1.87,0.3,0.1,0.484,7.7,20.2,31.5,27.3,27.6,25.6,19.5,,
Queensland,,3531096.0,41.0,249683517394.0,56708.0,70710.0,5.97,1.9,0.32,0.11,0.483,8.4,20.9,32.2,25.2,26.0,25.4,23.4,,
3GBRI,Greater Brisbane,1753729.0,40.0,131070054002.0,59968.0,74738.0,5.64,1.86,0.33,0.11,0.477,8.7,21.3,32.4,23.7,24.9,26.3,25.1,,
3RQLD,Rest of Qld,1776222.0,42.0,118571430700.0,53677.0,66755.0,6.27,1.93,0.31,0.1,0.488,8.0,20.4,31.9,26.6,27.2,24.6,21.7,,
South Australia,,1164805.0,42.0,78480365646.0,55782.0,67376.0,5.44,1.8,0.33,0.11,0.468,8.1,20.5,31.4,24.9,27.2,27.3,20.6,,
4GADE,Greater Adelaide,923672.0,41.0,64035150554.0,57401.0,69327.0,5.22,1.78,0.34,0.12,0.463,8.3,20.6,31.4,24.0,26.8,27.8,21.5,,
4RSAU,Rest of SA,241009.0,46.0,14439955983.0,49688.0,59915.0,6.49,1.87,0.29,0.09,0.487,7.0,19.8,31.4,28.5,29.0,25.1,17.4,,
Western Australia,,1879039.0,41.0,153842427692.0,62207.0,81873.0,6.14,1.97,0.32,0.11,0.499,10.4,22.9,34.0,23.6,23.6,23.5,29.3,,
5GPER,Greater Perth,1517704.0,40.0,126989772029.0,63138.0,83672.0,5.97,1.95,0.33,0.12,0.501,11.1,23.6,34.6,23.1,23.5,23.8,29.6,,
5RWAU,Rest of WA,361217.0,43.0,26861476104.0,58303.0,74364.0,6.98,2.06,0.3,0.1,0.49,6.8,19.2,31.0,25.7,24.3,22.0,28.0,,
Tasmania,,356850.0,42.0,22491854049.0,53479.0,63029.0,5.45,1.79,0.33,0.11,0.461,7.5,19.5,30.3,25.7,28.6,27.3,18.3,,
6GHOB,Greater Hobart,163341.0,41.0,10962261853.0,56852.0,67113.0,5.03,1.75,0.35,0.12,0.452,7.7,19.7,30.3,23.7,27.6,28.5,20.3,,
6RTAS,Rest of Tas.,193489.0,44.0,11528097717.0,50572.0,59580.0,5.79,1.81,0.31,0.1,0.468,7.2,19.3,30.2,27.4,29.5,26.4,16.7,,
Northern Territory,,149556.0,38.0,11423696569.0,66831.0,76384.0,5.25,1.73,0.33,0.12,0.44,7.1,18.2,28.6,21.8,21.8,28.2,28.2,,
7GDAR,Greater Darwin,104448.0,38.0,8380347388.0,70961.0,80235.0,4.31,1.68,0.39,0.15,0.417,6.5,17.5,27.6,18.6,21.5,29.7,30.2,,
7RNTE,Rest of NT,44740.0,38.0,3029458924.0,56199.0,67713.0,8.03,1.89,0.24,0.08,0.488,8.3,19.9,31.0,29.1,22.4,25.0,23.6,,
Australian Capital Territory,,331830.0,40.0,29187340513.0,75643.0,87959.0,4.37,1.68,0.39,0.15,0.433,7.0,18.9,29.4,17.8,20.1,27.7,34.4,,
8ACTE,Australian Capital Territory,331793.0,40.0,29184238644.0,75643.0,87959.0,4.37,1.68,0.39,0.15,0.433,7.0,18.9,29.4,17.8,20.1,27.7,34.4,,
Totals may not align with the sum of their components due to missing or unpublished information in the underlying data and perturbation.,,,,,,,,,,,,,,,,,,,,
Data in this release is on Australian Statistical Geography Standard (ASGS) Edition 3.,,,,,,,,,,,,,,,,,,,,
