quarter,year,births,deaths,net_overseas_migration
1981-06-01,1981,60.3,26.7,29.1
1981-09-01,1981,61.0,31.5,30.9
1981-12-01,1981,55.0,25.7,35.0
1982-03-01,1982,60.6,26.1,32.400000000000006
1982-06-01,1982,60.5,27.7,24.799999999999997
1982-09-01,1982,60.3,33.9,24.400000000000002
1982-12-01,1982,58.6,27.1,21.3
1983-03-01,1983,61.9,25.6,18.099999999999998
1983-06-01,1983,61.0,26.4,11.600000000000001
1983-09-01,1983,62.0,31.9,10.300000000000004
1983-12-01,1983,57.6,26.2,12.999999999999996
1984-03-01,1984,61.1,25.9,14.299999999999997
1984-06-01,1984,59.8,26.9,9.0
1984-09-01,1984,60.7,31.9,14.799999999999997
1984-12-01,1984,56.9,27.2,19.0
1985-03-01,1985,62.3,26.6,20.1
1985-06-01,1985,62.0,28.5,14.0
1985-09-01,1985,60.8,35.1,19.5
1985-12-01,1985,57.8,26.7,25.6
1986-03-01,1986,60.0,26.8,27.400000000000002
1986-06-01,1986,60.5,27.5,21.400000000000002
1986-09-01,1986,60.8,31.9,26.000000000000004
1986-12-01,1986,62.2,28.7,29.500000000000004
1987-03-01,1987,59.1,27.1,28.900000000000002
1987-06-01,1987,60.8,28.4,24.9
1987-09-01,1987,61.5,32.3,31.300000000000004
1987-12-01,1987,62.6,29.6,38.8
1988-03-01,1988,61.5,29.9,41.8
1988-06-01,1988,60.6,28.7,31.299999999999997
1988-09-01,1988,62.2,33.6,37.7
1988-12-01,1988,62.0,27.6,38.199999999999996
1989-03-01,1989,63.4,27.8,35.300000000000004
1989-06-01,1989,62.7,29.8,26.099999999999998
1989-09-01,1989,61.9,36.9,29.3
1989-12-01,1989,62.9,29.8,27.4
1990-03-01,1990,65.0,29.2,28.4
1990-06-01,1990,67.7,29.2,18.699999999999996
1990-09-01,1990,65.8,33.0,26.1
1990-12-01,1990,64.1,28.7,23.300000000000004
1991-03-01,1991,64.9,28.6,28.6
1991-06-01,1991,66.3,29.3,16.799999999999997
1991-09-01,1991,65.3,33.0,26.6
1991-12-01,1991,62.8,28.8,21.5
1992-03-01,1992,65.7,27.3,28.099999999999994
1992-06-01,1992,65.8,31.7,13.600000000000001
1992-09-01,1992,67.2,34.4,19.199999999999996
1992-12-01,1992,63.9,29.6,16.0
1993-03-01,1993,64.3,27.1,20.5
1993-06-01,1993,65.1,30.3,7.0
1993-09-01,1993,66.0,33.5,16.299999999999997
1993-12-01,1993,63.7,29.9,13.600000000000001
1994-03-01,1994,65.3,28.5,25.700000000000003
1994-06-01,1994,63.9,31.6,11.700000000000003
1994-09-01,1994,66.0,36.7,23.5
1994-12-01,1994,63.8,30.2,19.300000000000004
1995-03-01,1995,64.5,27.8,32.5
1995-06-01,1995,64.3,31.5,17.799999999999997
1995-09-01,1995,65.3,35.0,29.0
1995-12-01,1995,61.2,30.8,25.400000000000006
1996-03-01,1996,62.3,28.9,39.7
1996-06-01,1996,62.0,31.7,15.699999999999996
1996-09-01,1996,65.3,37.1,27.599999999999994
1996-12-01,1996,63.8,30.5,20.10000000000001
1997-03-01,1997,61.6,28.4,36.1
1997-06-01,1997,63.6,31.4,10.600000000000001
1997-09-01,1997,64.5,38.0,22.89999999999999
1997-12-01,1997,62.1,31.0,14.100000000000001
1998-03-01,1998,60.9,28.4,33.7
1998-06-01,1998,62.3,31.8,8.5
1998-09-01,1998,64.3,36.4,26.499999999999993
1998-12-01,1998,61.5,30.8,20.099999999999994
1999-03-01,1999,62.2,28.8,35.10000000000001
1999-06-01,1999,62.7,32.2,14.800000000000004
1999-09-01,1999,64.8,35.9,29.799999999999997
1999-12-01,1999,61.4,31.2,24.599999999999994
2000-03-01,2000,62.2,28.9,37.50000000000001
2000-06-01,2000,62.1,32.3,15.5
2000-09-01,2000,64.1,36.3,31.900000000000006
2000-12-01,2000,62.3,31.4,26.6
2001-03-01,2001,61.1,29.2,54.8
2001-06-01,2001,61.8,32.1,22.400000000000006
2001-09-01,2001,64.2,35.2,35.699999999999996
2001-12-01,2001,60.8,32.3,27.500000000000007
2002-03-01,2002,62.5,29.6,50.50000000000001
2002-06-01,2002,61.9,33.1,20.0
2002-09-01,2002,63.9,38.1,39.99999999999999
2002-12-01,2002,61.8,32.2,28.5
2003-03-01,2003,61.0,29.4,60.4
2003-06-01,2003,62.5,32.5,25.39999999999999
2003-09-01,2003,64.9,37.8,47.400000000000006
2003-12-01,2003,62.3,32.1,30.400000000000006
2004-03-01,2004,63.5,30.3,62.900000000000006
2004-06-01,2004,61.3,33.0,23.9
2004-09-01,2004,65.0,36.8,50.7
2004-12-01,2004,61.7,32.3,31.30000000000001
2005-03-01,2005,64.6,29.5,68.79999999999998
2005-06-01,2005,67.0,32.8,27.099999999999994
2005-09-01,2005,68.1,36.5,55.099999999999994
2005-12-01,2005,65.9,32.6,39.5
2006-03-01,2006,65.3,30.7,73.6
2006-06-01,2006,66.8,34.2,31.000000000000007
2006-09-01,2006,72.6,36.4,56.900000000000006
2006-12-01,2006,69.7,33.2,50.6
2007-03-01,2007,72.7,31.6,76.0
2007-06-01,2007,72.3,34.8,49.199999999999996
2007-09-01,2007,75.6,39.3,62.8
2007-12-01,2007,72.6,34.1,56.00000000000001
2008-03-01,2008,74.1,32.2,93.5
2008-06-01,2008,72.9,35.1,65.1
2008-09-01,2008,76.7,40.5,84.1
2008-12-01,2008,74.6,34.6,73.1
2009-03-01,2009,73.9,33.1,88.69999999999999
2009-06-01,2009,74.9,35.5,54.00000000000001
2009-09-01,2009,76.5,38.0,62.49999999999999
2009-12-01,2009,75.5,35.0,41.69999999999999
2010-03-01,2010,76.0,32.7,59.800000000000004
2010-06-01,2010,76.0,35.8,32.0
2010-09-01,2010,76.3,38.5,41.8
2010-12-01,2010,72.5,35.8,38.39999999999999
2011-03-01,2011,76.0,33.8,60.900000000000006
2011-06-01,2011,76.3,37.4,39.3
2011-09-01,2011,76.2,39.6,55.400000000000006
2011-12-01,2011,74.2,36.1,50.60000000000001
2012-03-01,2012,78.1,34.1,73.99999999999999
2012-06-01,2012,77.5,37.5,51.9
2012-09-01,2012,78.7,42.2,63.400000000000006
2012-12-01,2012,77.9,35.4,50.900000000000006
2013-03-01,2013,77.4,34.2,71.19999999999999
2013-06-01,2013,77.1,37.3,44.7
2013-09-01,2013,76.9,39.7,54.19999999999999
2013-12-01,2013,75.7,37.0,38.099999999999994
2014-03-01,2014,77.5,34.9,65.1
2014-06-01,2014,76.9,38.5,30.4
2014-09-01,2014,79.0,43.1,50.2
2014-12-01,2014,77.1,37.5,36.7
2015-03-01,2015,76.2,35.8,63.7
2015-06-01,2015,75.4,39.5,33.30000000000001
2015-09-01,2015,78.8,44.1,50.400000000000006
2015-12-01,2015,75.9,38.0,39.30000000000001
2016-03-01,2016,78.8,36.1,73.0
2016-06-01,2016,78.2,39.2,43.5
2016-09-01,2016,79.0,43.7,73.6
2016-12-01,2016,75.8,39.6,53.5
2017-03-01,2017,76.7,36.8,88.69999999999999
2017-06-01,2017,76.3,40.1,47.3
2017-09-01,2017,77.7,47.4,69.79999999999998
2017-12-01,2017,74.5,38.9,35.89999999999999
2018-03-01,2018,76.5,36.3,85.1
2018-06-01,2018,75.9,39.4,47.49999999999999
2018-09-01,2018,76.5,43.3,73.89999999999999
2018-12-01,2018,75.3,39.5,45.7
2019-03-01,2019,76.5,38.4,83.6
2019-06-01,2019,76.4,41.9,38.2
2019-09-01,2019,76.8,44.8,74.5
2019-12-01,2019,74.3,39.9,51.29999999999998
2020-03-01,2020,74.6,39.1,75.19999999999999
2020-06-01,2020,73.6,40.7,-8.299999999999999
2020-09-01,2020,74.3,43.0,-42.6
2020-12-01,2020,71.2,40.0,-29.300000000000004
2021-03-01,2021,80.2,39.1,-14.200000000000003
2021-06-01,2021,79.4,43.5,1.1000000000000014
2021-09-01,2021,78.5,46.1,-13.0
2021-12-01,2021,77.1,43.5,35.4
2022-03-01,2022,76.8,45.1,107.6
2022-06-01,2022,76.3,48.6,78.00000000000001
2022-09-01,2022,74.8,51.9,127.69999999999999
2022-12-01,2022,72.3,45.9,124.7
2023-03-01,2023,71.3,42.8,165.5
2023-06-01,2023,72.7,47.6,120.49999999999999
2023-09-01,2023,73.7,47.7,145.20000000000002
2023-12-01,2023,71.3,45.2,99.5
2024-03-01,2024,72.1,43.9,128.7
2024-06-01,2024,73.2,48.2,55.89999999999999
2024-09-01,2024,73.1,50.0,81.6
2024-12-01,2024,72.8,45.0,64.29999999999998
2025-03-01,2025,72.4,42.8,107.8
2025-06-01,2025,73.2,47.8,47.900000000000006
2025-09-01,2025,75.5,52.3,87.10000000000001
2025-12-01,2025,68.5,46.5,56.20000000000002
2026-03-01,2026,75.2,45.3,101.00000000000001
