quarter,population
1981-06-01,14923260
1981-09-01,14988677
1981-12-01,15054117
1982-03-01,15121698
1982-06-01,15184247
1982-09-01,15239278
1982-12-01,15288891
1983-03-01,15346242
1983-06-01,15393472
1983-09-01,15439005
1983-12-01,15483496
1984-03-01,15531541
1984-06-01,15579391
1984-09-01,15628548
1984-12-01,15677282
1985-03-01,15736665
1985-06-01,15788312
1985-09-01,15839702
1985-12-01,15900566
1986-03-01,15961498
1986-06-01,16018350
1986-09-01,16075041
1986-12-01,16138769
1987-03-01,16204041
1987-06-01,16263874
1987-09-01,16328866
1987-12-01,16394641
1988-03-01,16471767
1988-06-01,16532164
1988-09-01,16612639
1988-12-01,16687082
1989-03-01,16764042
1989-06-01,16814416
1989-09-01,16872038
1989-12-01,16936723
1990-03-01,17005636
1990-06-01,17065128
1990-09-01,17121132
1990-12-01,17169768
1991-03-01,17237424
1991-06-01,17284036
1991-09-01,17338859
1991-12-01,17378981
1992-03-01,17441287
1992-06-01,17478635
1992-09-01,17523303
1992-12-01,17557133
1993-03-01,17609552
1993-06-01,17634808
1993-09-01,17683713
1993-12-01,17719090
1994-03-01,17772078
1994-06-01,17805468
1994-09-01,17859257
1994-12-01,17893433
1995-03-01,17951550
1995-06-01,18004882
1995-09-01,18062176
1995-12-01,18119616
1996-03-01,18175986
1996-06-01,18224767
1996-09-01,18281323
1996-12-01,18330079
1997-03-01,18388710
1997-06-01,18423037
1997-09-01,18468718
1997-12-01,18510004
1998-03-01,18572416
1998-06-01,18607584
1998-09-01,18658381
1998-12-01,18705620
1999-03-01,18770525
1999-06-01,18812264
1999-09-01,18867680
1999-12-01,18919210
2000-03-01,18986711
2000-06-01,19028802
2000-09-01,19086040
2000-12-01,19141036
2001-03-01,19225181
2001-06-01,19274701
2001-09-01,19329107
2001-12-01,19386461
2002-03-01,19453350
2002-06-01,19495210
2002-09-01,19548871
2002-12-01,19605441
2003-03-01,19676628
2003-06-01,19720737
2003-09-01,19773429
2003-12-01,19827155
2004-03-01,19894105
2004-06-01,19932722
2004-09-01,19989677
2004-12-01,20046003
2005-03-01,20126553
2005-06-01,20176844
2005-09-01,20244727
2005-12-01,20311543
2006-03-01,20398132
2006-06-01,20450966
2006-09-01,20542282
2006-12-01,20627547
2007-03-01,20742817
2007-06-01,20827622
2007-09-01,20924160
2007-12-01,21016121
2008-03-01,21148928
2008-06-01,21249199
2008-09-01,21366049
2008-12-01,21475625
2009-03-01,21601676
2009-06-01,21691653
2009-09-01,21788088
2009-12-01,21865623
2010-03-01,21964097
2010-06-01,22031750
2010-09-01,22104402
2010-12-01,22172469
2011-03-01,22268758
2011-06-01,22340024
2011-09-01,22432771
2011-12-01,22522197
2012-03-01,22640943
2012-06-01,22733465
2012-09-01,22833922
2012-12-01,22928023
2013-03-01,23043004
2013-06-01,23128129
2013-09-01,23220231
2013-12-01,23297777
2014-03-01,23406193
2014-06-01,23475686
2014-09-01,23562901
2014-12-01,23640331
2015-03-01,23745629
2015-06-01,23815995
2015-09-01,23904271
2015-12-01,23984581
2016-03-01,24103425
2016-06-01,24190907
2016-09-01,24297530
2016-12-01,24385064
2017-03-01,24511409
2017-06-01,24592588
2017-09-01,24690071
2017-12-01,24759018
2018-03-01,24881751
2018-06-01,24963258
2018-09-01,25067399
2018-12-01,25146140
2019-03-01,25264932
2019-06-01,25334826
2019-09-01,25438073
2019-12-01,25520468
2020-03-01,25627924
2020-06-01,25649248
2020-09-01,25633341
2020-12-01,25630698
2021-03-01,25653005
2021-06-01,25685412
2021-09-01,25704774
2021-12-01,25773795
2022-03-01,25912977
2022-06-01,26018721
2022-09-01,26169314
2022-12-01,26320285
2023-03-01,26514302
2023-06-01,26659922
2023-09-01,26831131
2023-12-01,26956660
2024-03-01,27113517
2024-06-01,27194286
2024-09-01,27299005
2024-12-01,27391125
2025-03-01,27528422
2025-06-01,27601739
2025-09-01,27712106
2025-12-01,27790263
2026-03-01,27921150
