age,sex,qx
0,Male,0.004121
1,Male,0.000346
2,Male,0.000207
3,Male,0.000133
4,Male,0.000127
5,Male,0.000118
6,Male,0.00011
7,Male,0.000104
8,Male,9.7e-05
9,Male,9.2e-05
10,Male,8.9e-05
11,Male,9e-05
12,Male,9.9e-05
13,Male,0.00012
14,Male,0.000156
15,Male,0.000215
16,Male,0.000301
17,Male,0.000461
18,Male,0.000574
19,Male,0.000614
20,Male,0.000614
21,Male,0.000612
22,Male,0.000617
23,Male,0.000628
24,Male,0.000644
25,Male,0.000666
26,Male,0.000691
27,Male,0.000721
28,Male,0.000754
29,Male,0.000789
30,Male,0.000826
31,Male,0.000865
32,Male,0.000905
33,Male,0.000945
34,Male,0.000987
35,Male,0.001031
36,Male,0.001079
37,Male,0.001133
38,Male,0.001193
39,Male,0.001261
40,Male,0.001338
41,Male,0.001424
42,Male,0.001523
43,Male,0.001634
44,Male,0.001758
45,Male,0.001898
46,Male,0.002055
47,Male,0.002229
48,Male,0.002421
49,Male,0.002634
50,Male,0.002868
51,Male,0.003125
52,Male,0.003405
53,Male,0.00371
54,Male,0.004039
55,Male,0.004381
56,Male,0.004742
57,Male,0.005134
58,Male,0.005568
59,Male,0.006053
60,Male,0.0066
61,Male,0.00722
62,Male,0.007921
63,Male,0.008704
64,Male,0.009566
65,Male,0.010505
66,Male,0.011519
67,Male,0.012614
68,Male,0.013822
69,Male,0.015186
70,Male,0.016745
71,Male,0.01854
72,Male,0.020612
73,Male,0.022998
74,Male,0.025738
75,Male,0.02887
76,Male,0.03243
77,Male,0.036455
78,Male,0.040987
79,Male,0.046104
80,Male,0.051887
81,Male,0.058417
82,Male,0.065767
83,Male,0.074009
84,Male,0.083207
85,Male,0.093419
86,Male,0.104698
87,Male,0.117086
88,Male,0.130619
89,Male,0.145323
90,Male,0.161211
91,Male,0.178198
92,Male,0.19583
93,Male,0.213605
94,Male,0.231058
95,Male,0.247765
96,Male,0.263341
97,Male,0.277433
98,Male,0.289716
99,Male,0.299885
100,Male,0.312549
101,Male,0.324613
102,Male,0.336251
103,Male,0.347854
104,Male,0.360421
105,Male,0.372475
106,Male,0.384123
107,Male,0.395363
108,Male,0.4062
109,Male,0.416641
0,Female,0.003352
1,Female,0.000269
2,Female,0.00017
3,Female,0.000108
4,Female,0.000106
5,Female,0.000101
6,Female,9.4e-05
7,Female,8.7e-05
8,Female,7.9e-05
9,Female,7.3e-05
10,Female,6.9e-05
11,Female,7e-05
12,Female,7.7e-05
13,Female,9.3e-05
14,Female,0.00012
15,Female,0.000162
16,Female,0.000222
17,Female,0.00025
18,Female,0.000265
19,Female,0.000265
20,Female,0.000263
21,Female,0.000261
22,Female,0.00026
23,Female,0.00026
24,Female,0.000263
25,Female,0.000268
26,Female,0.000276
27,Female,0.000288
28,Female,0.000304
29,Female,0.000325
30,Female,0.000349
31,Female,0.000376
32,Female,0.000405
33,Female,0.000438
34,Female,0.000474
35,Female,0.000513
36,Female,0.000556
37,Female,0.000604
38,Female,0.000657
39,Female,0.000714
40,Female,0.000777
41,Female,0.000846
42,Female,0.000921
43,Female,0.001003
44,Female,0.001092
45,Female,0.001188
46,Female,0.001292
47,Female,0.001404
48,Female,0.001524
49,Female,0.001653
50,Female,0.001792
51,Female,0.00194
52,Female,0.002098
53,Female,0.002266
54,Female,0.002446
55,Female,0.002637
56,Female,0.002847
57,Female,0.003084
58,Female,0.003354
59,Female,0.003664
60,Female,0.004008
61,Female,0.004378
62,Female,0.004771
63,Female,0.005196
64,Female,0.005668
65,Female,0.006203
66,Female,0.006814
67,Female,0.007515
68,Female,0.008321
69,Female,0.009246
70,Female,0.010305
71,Female,0.01151
72,Female,0.012877
73,Female,0.014418
74,Female,0.016148
75,Female,0.01808
76,Female,0.020242
77,Female,0.022726
78,Female,0.025638
79,Female,0.029082
80,Female,0.03316
81,Female,0.03797
82,Female,0.043608
83,Female,0.050166
84,Female,0.057728
85,Female,0.066375
86,Female,0.076179
87,Female,0.087204
88,Female,0.099504
89,Female,0.113125
90,Female,0.128098
91,Female,0.144444
92,Female,0.162091
93,Female,0.180649
94,Female,0.199676
95,Female,0.218766
96,Female,0.237546
97,Female,0.255677
98,Female,0.272853
99,Female,0.288798
100,Female,0.303263
101,Female,0.318797
102,Female,0.333819
103,Female,0.348406
104,Female,0.362547
105,Female,0.376236
106,Female,0.389471
107,Female,0.402248
108,Female,0.414567
109,Female,0.426426
