Deduction label,Deduction claimed range,NSW no.,NSW $,VIC no.,VIC $,QLD no.,QLD $,WA no.,WA $,SA no.,SA $,ACT no.,ACT $,TAS no.,TAS $,NT no.,NT $,Overseas no.,Overseas $,Australia no.,Australia $
a. Gifts and donations,a. $1 - $25,192731.0,2529693.0,195585.0,2683841.0,161429.0,2132451.0,100841.0,1247559.0,52452.0,713979.0,12445.0,163378.0,22356.0,290392.0,7528.0,95482.0,823.0,10520.0,746190.0,9867295.0
a. Gifts and donations,b. $26 - $50,150714.0,6639891.0,169249.0,7523797.0,109469.0,4780448.0,56632.0,2477116.0,35421.0,1542899.0,9211.0,401593.0,11813.0,518283.0,4491.0,201927.0,623.0,27123.0,547623.0,24113077.0
a. Gifts and donations,c. $51 - $100,203179.0,16747872.0,198354.0,16628725.0,121732.0,9936176.0,66105.0,5536578.0,41126.0,3342357.0,12202.0,990078.0,12639.0,1029232.0,5985.0,499442.0,859.0,69663.0,662181.0,54780123.0
a. Gifts and donations,d. $101 - $250,305960.0,52973964.0,266129.0,46275807.0,164252.0,28349603.0,90908.0,15785328.0,54555.0,9329081.0,20666.0,3580944.0,16876.0,2916254.0,7136.0,1261306.0,1341.0,233150.0,927823.0,160705437.0
a. Gifts and donations,"e. $251 - $1,000",381927.0,197093910.0,297101.0,151382242.0,203023.0,102706903.0,117362.0,60457079.0,68197.0,34895130.0,33579.0,18050062.0,21963.0,11196650.0,9339.0,4813652.0,2183.0,1170136.0,1134674.0,581765764.0
a. Gifts and donations,"f. $1,001 - $5,000",137769.0,277391664.0,98608.0,197190051.0,62514.0,124266740.0,37754.0,74939091.0,22677.0,45181536.0,15223.0,30323493.0,7070.0,13999394.0,2792.0,5323823.0,948.0,1926940.0,385355.0,770542732.0
a. Gifts and donations,"g. $5,001 - $10,000",16184.0,112020304.0,11526.0,80093324.0,7582.0,52662168.0,4046.0,28118060.0,2572.0,17786637.0,1609.0,11072122.0,722.0,4951745.0,299.0,2119898.0,139.0,988799.0,44679.0,309813057.0
a. Gifts and donations,"h. $10,001 - $25,000",8271.0,123686027.0,5871.0,88064189.0,3498.0,51610208.0,1952.0,28667778.0,1244.0,18576076.0,768.0,11262317.0,364.0,5343015.0,141.0,2150397.0,81.0,1267724.0,22190.0,330627731.0
a. Gifts and donations,"i. More than $25,000",3939.0,700339394.0,2998.0,615932838.0,1286.0,174428954.0,767.0,5276975669.0,479.0,51517178.0,255.0,23430374.0,157.0,12254237.0,39.0,2746709.0,35.0,3100908.0,9955.0,6860726261.0
b. Work related car expenses,a. $1 - $300,136414.0,20931383.0,134920.0,20664829.0,116258.0,17320260.0,68461.0,10301162.0,46397.0,6652347.0,11805.0,1654867.0,12470.0,1812793.0,5925.0,877959.0,629.0,98755.0,533279.0,80314355.0
b. Work related car expenses,b. $301 - $500,78924.0,31246103.0,77391.0,30562780.0,58150.0,22874117.0,35433.0,13956923.0,21994.0,8664798.0,5395.0,2132491.0,6638.0,2595308.0,3297.0,1301688.0,287.0,113658.0,287509.0,113447866.0
b. Work related car expenses,c. $501 - $750,65984.0,41350433.0,64918.0,40711962.0,43303.0,27055440.0,26777.0,16758757.0,16965.0,10609528.0,4048.0,2532839.0,4831.0,3023180.0,2507.0,1572794.0,240.0,148613.0,229573.0,143763546.0
b. Work related car expenses,"d. $751 - $1,000",70746.0,60972060.0,65365.0,56428579.0,45898.0,39344578.0,29125.0,24970692.0,16490.0,14176056.0,4013.0,3454439.0,4674.0,4018099.0,2856.0,2477760.0,287.0,245227.0,239454.0,206087490.0
b. Work related car expenses,"e. $1,001 - $2,500",245270.0,417202457.0,214488.0,363321372.0,157070.0,269168282.0,92790.0,157847996.0,53225.0,90048375.0,13069.0,22212798.0,15013.0,25347411.0,9519.0,16318088.0,1088.0,1899743.0,801532.0,1363366522.0
b. Work related car expenses,"f. $2,501 - $3,899",166533.0,543947510.0,136758.0,445200835.0,119180.0,392644228.0,61080.0,199712373.0,33655.0,109942090.0,8978.0,29461878.0,9127.0,29684781.0,6731.0,22123954.0,1109.0,3681624.0,543151.0,1776399273.0
b. Work related car expenses,"g. $3,900",236520.0,922428000.0,198832.0,775444800.0,188288.0,734323200.0,94421.0,368241900.0,53172.0,207370800.0,11995.0,46780500.0,16299.0,63566100.0,7929.0,30923100.0,746.0,2909400.0,808202.0,3151987800.0
b. Work related car expenses,"h. $3,901 - $5,000",10534.0,47200368.0,9046.0,40528546.0,7436.0,33259945.0,3165.0,14211163.0,2211.0,9921002.0,502.0,2256015.0,638.0,2844534.0,218.0,977547.0,92.0,409971.0,33842.0,151609091.0
b. Work related car expenses,"i. $5,001 - $10,000",48480.0,357697656.0,42662.0,315826651.0,31134.0,228058817.0,13032.0,95332841.0,8947.0,65296813.0,1877.0,13794735.0,2378.0,17186225.0,734.0,5374083.0,419.0,3135099.0,149663.0,1101702920.0
b. Work related car expenses,"j. $10,001 - $25,000",40851.0,597917646.0,37259.0,546307138.0,24808.0,366003964.0,9233.0,134535753.0,7007.0,102291424.0,1554.0,23352901.0,1466.0,21467083.0,520.0,7871916.0,127.0,1580862.0,122825.0,1801328687.0
b. Work related car expenses,"k. More than $25,000",2327.0,71831514.0,1882.0,57970821.0,1412.0,43301322.0,479.0,15064692.0,338.0,10066324.0,119.0,3768819.0,74.0,2262976.0,44.0,1384256.0,5.0,149465.0,6680.0,205800189.0
c. Work related travel expenses,a. $1 - $300,189107.0,28647826.0,169301.0,24260745.0,131988.0,19039753.0,59334.0,8467592.0,33265.0,4638659.0,13180.0,1637075.0,10729.0,1545928.0,4617.0,721922.0,1291.0,238552.0,612812.0,89198052.0
c. Work related travel expenses,b. $301 - $500,63514.0,25907955.0,49158.0,19967049.0,37656.0,15403271.0,15449.0,6354441.0,8954.0,3646844.0,2855.0,1158336.0,2919.0,1197741.0,1585.0,656063.0,412.0,171604.0,182502.0,74463304.0
c. Work related travel expenses,c. $501 - $750,45342.0,28164857.0,34911.0,21611526.0,27401.0,17003327.0,11164.0,6952875.0,6675.0,4146332.0,2066.0,1278542.0,2251.0,1395028.0,1320.0,823658.0,346.0,217673.0,131476.0,81593818.0
c. Work related travel expenses,"d. $751 - $1,000",36218.0,32006465.0,26887.0,23695548.0,21949.0,19405633.0,9425.0,8356647.0,5009.0,4424946.0,1574.0,1391775.0,1753.0,1546562.0,1064.0,943815.0,310.0,275667.0,104189.0,92047058.0
c. Work related travel expenses,"e. $1,001 - $2,500",87323.0,142699913.0,63178.0,102303078.0,54575.0,88894688.0,24872.0,40972473.0,13102.0,21334999.0,3625.0,5884089.0,4053.0,6552372.0,2760.0,4553275.0,900.0,1505037.0,254388.0,414699924.0
c. Work related travel expenses,"f. $2,501 - $5,000",45169.0,160229844.0,32503.0,115570791.0,29603.0,105745452.0,13885.0,49282423.0,7468.0,26816964.0,1723.0,6115786.0,2173.0,7743321.0,1572.0,5607757.0,718.0,2626201.0,134814.0,479738539.0
c. Work related travel expenses,"g. $5,001 - $10,000",22782.0,161462307.0,17456.0,123636339.0,17333.0,122711605.0,7555.0,54280372.0,4318.0,30318020.0,902.0,6346785.0,1108.0,7835202.0,844.0,5964359.0,689.0,5108999.0,72987.0,517663988.0
c. Work related travel expenses,"h. $10,001 - $25,000",11554.0,170263416.0,10402.0,154588811.0,10662.0,159947360.0,3857.0,56279999.0,2778.0,42712500.0,535.0,8105596.0,621.0,9294470.0,386.0,5758226.0,165.0,2147435.0,40960.0,609097813.0
c. Work related travel expenses,"i. More than $25,000",1259.0,43945828.0,1265.0,41392324.0,1297.0,42052724.0,450.0,15915713.0,468.0,16171907.0,49.0,1594469.0,82.0,2741248.0,37.0,1217934.0,13.0,543101.0,4920.0,165575248.0
d. Work related clothing expenses,a. $1 - $149,471582.0,49407796.0,389924.0,40219288.0,455918.0,47211570.0,213280.0,21162565.0,126939.0,12756656.0,24041.0,2301314.0,37880.0,3936236.0,19470.0,1967943.0,2304.0,186741.0,1741338.0,179150109.0
d. Work related clothing expenses,b. $150,306853.0,46027950.0,244173.0,36625950.0,217824.0,32673600.0,159873.0,23980950.0,82131.0,12319650.0,13983.0,2097450.0,32114.0,4817100.0,10806.0,1620900.0,957.0,143550.0,1068714.0,160307100.0
d. Work related clothing expenses,c. $151 - $300,556535.0,141024367.0,434136.0,108588644.0,398890.0,100016254.0,219563.0,55396487.0,134293.0,33695220.0,28030.0,7159449.0,41489.0,10533347.0,21485.0,5481868.0,2845.0,736220.0,1837266.0,462631856.0
d. Work related clothing expenses,d. $301 - $500,375000.0,148368002.0,310224.0,122483104.0,264016.0,104411985.0,141281.0,55855470.0,81916.0,32213308.0,13919.0,5519654.0,26477.0,10443531.0,15501.0,6143642.0,1571.0,642547.0,1229905.0,486081243.0
d. Work related clothing expenses,e. $501 - $750,176724.0,107423397.0,152547.0,92805153.0,125455.0,76520609.0,64282.0,39096922.0,34689.0,20990617.0,6344.0,3868106.0,11805.0,7171153.0,8036.0,4887379.0,870.0,525513.0,580752.0,353288849.0
d. Work related clothing expenses,"f. $751 - $1,000",71710.0,62385117.0,61942.0,53737522.0,53841.0,46874206.0,25987.0,22577971.0,13011.0,11276852.0,2765.0,2407091.0,4443.0,3851432.0,3089.0,2674566.0,710.0,609661.0,237498.0,206394418.0
d. Work related clothing expenses,"g. $1,001 - $2,500",63070.0,90605098.0,55827.0,78943949.0,45614.0,64335858.0,21319.0,30250219.0,10622.0,15070781.0,2761.0,4023122.0,3479.0,4833168.0,2605.0,3679406.0,473.0,670357.0,205770.0,292411958.0
d. Work related clothing expenses,"h. $2,501 - $5,000",7187.0,23828106.0,4866.0,16005486.0,4250.0,13875373.0,2129.0,6951368.0,1044.0,3409148.0,362.0,1191754.0,258.0,838993.0,306.0,1024862.0,37.0,117586.0,20439.0,67242676.0
d. Work related clothing expenses,"i. $5,001 - $10,000",737.0,4704546.0,511.0,3277406.0,361.0,2341603.0,153.0,967030.0,98.0,613337.0,33.0,208500.0,27.0,165673.0,47.0,284088.0,1.0,7000.0,1968.0,12569183.0
d. Work related clothing expenses,"j. More than $10,000",84.0,1314128.0,40.0,579025.0,62.0,1049875.0,23.0,403227.0,21.0,294917.0,4.0,60179.0,3.0,37232.0,1.0,16236.0,0.0,0.0,238.0,3754819.0
e. Work related self-education expenses,a. $1 - $300,93134.0,14984586.0,71809.0,11074693.0,72419.0,10869371.0,34056.0,5294642.0,20910.0,3089768.0,7206.0,1105352.0,6300.0,928886.0,3182.0,499425.0,1059.0,143729.0,310075.0,47990452.0
e. Work related self-education expenses,b. $301 - $500,32149.0,13107881.0,25221.0,10302763.0,22226.0,9074353.0,12685.0,5165245.0,6421.0,2611868.0,2432.0,986948.0,1902.0,773569.0,1078.0,441151.0,260.0,104408.0,104374.0,42568186.0
e. Work related self-education expenses,c. $501 - $750,24449.0,15234821.0,19213.0,11986781.0,16961.0,10589181.0,9341.0,5820694.0,4670.0,2916729.0,1805.0,1122756.0,1438.0,894798.0,851.0,530938.0,190.0,118042.0,78918.0,49214740.0
e. Work related self-education expenses,"d. $751 - $1,000",21542.0,18901321.0,16371.0,14382574.0,13980.0,12351082.0,7929.0,6977039.0,3655.0,3206295.0,1494.0,1315883.0,1122.0,990883.0,688.0,611417.0,138.0,120374.0,66919.0,58856868.0
e. Work related self-education expenses,"e. $1,001 - $2,500",56710.0,93326301.0,45983.0,75880169.0,36443.0,59521367.0,22096.0,36694957.0,10295.0,16908846.0,4091.0,6728113.0,3024.0,4937205.0,2431.0,4043244.0,344.0,560681.0,181417.0,298600883.0
e. Work related self-education expenses,"f. $2,501 - $5,000",33438.0,119038814.0,26257.0,92692770.0,20011.0,70873665.0,13362.0,46794072.0,5777.0,20414419.0,2421.0,8585280.0,1620.0,5758407.0,1576.0,5540638.0,211.0,759790.0,104673.0,370457855.0
e. Work related self-education expenses,"g. $5,001 - $10,000",16803.0,117937864.0,12850.0,90367992.0,9986.0,69618305.0,5954.0,41479772.0,2636.0,18282564.0,1396.0,9880688.0,934.0,6498254.0,838.0,5801726.0,112.0,801424.0,51509.0,360668589.0
e. Work related self-education expenses,"h. $10,001 - $25,000",8401.0,122219078.0,6821.0,100457951.0,4311.0,62320702.0,2697.0,38483532.0,1318.0,19835525.0,779.0,11309815.0,348.0,4842852.0,329.0,4647913.0,68.0,977364.0,25072.0,365094732.0
e. Work related self-education expenses,"i. More than $25,000",974.0,34625886.0,842.0,30390280.0,456.0,16457172.0,220.0,7555841.0,148.0,5446011.0,97.0,3199459.0,23.0,834624.0,21.0,660226.0,19.0,928267.0,2800.0,100097766.0
f. Other work related expenses,a. $1 - $300,574953.0,106939608.0,491367.0,90349594.0,423697.0,73376725.0,241622.0,42754619.0,153657.0,26341635.0,38337.0,6936376.0,47916.0,7986659.0,20779.0,3497201.0,5890.0,1123115.0,1998218.0,359305532.0
f. Other work related expenses,b. $301 - $500,269438.0,108661016.0,235991.0,95189117.0,185431.0,74750735.0,113328.0,45881366.0,70105.0,28153032.0,21209.0,8617907.0,20569.0,8225854.0,9030.0,3619997.0,2005.0,802980.0,927106.0,373902004.0
f. Other work related expenses,c. $501 - $750,345549.0,215009592.0,293709.0,183510526.0,223940.0,140003499.0,128578.0,79784256.0,77962.0,48398690.0,24590.0,15225634.0,25065.0,15629245.0,9833.0,6132350.0,2104.0,1309606.0,1131330.0,705003398.0
f. Other work related expenses,"d. $751 - $1,000",310070.0,270882429.0,265007.0,230848689.0,188368.0,164638065.0,101400.0,88424560.0,61740.0,53723942.0,20913.0,18229811.0,18220.0,15817074.0,8372.0,7316777.0,2162.0,1875482.0,976252.0,851756829.0
f. Other work related expenses,"e. $1,001 - $2,500",910377.0,1423362398.0,762305.0,1189380671.0,497098.0,776640457.0,257814.0,401587961.0,161040.0,249661089.0,50641.0,77877700.0,46055.0,70813909.0,23228.0,36796600.0,3671.0,5629509.0,2712229.0,4231750294.0
f. Other work related expenses,"f. $2,501 - $5,000",272827.0,921553860.0,223931.0,755051340.0,157874.0,536626900.0,79801.0,271063554.0,45564.0,153840437.0,13385.0,45275988.0,13441.0,45717263.0,7801.0,26492666.0,1159.0,3973032.0,815783.0,2759595040.0
f. Other work related expenses,"g. $5,001 - $10,000",72623.0,483789031.0,59398.0,394408789.0,47389.0,317225210.0,23615.0,157883357.0,11827.0,78367748.0,3586.0,23779162.0,4038.0,26971768.0,2305.0,15445263.0,410.0,2787019.0,225191.0,1500657347.0
f. Other work related expenses,"h. $10,001 - $25,000",15663.0,216693244.0,12867.0,178424268.0,11348.0,157253175.0,5620.0,77890109.0,2412.0,33421384.0,857.0,11942929.0,918.0,12620557.0,566.0,7764615.0,149.0,2100351.0,50400.0,698110632.0
f. Other work related expenses,"i. More than $25,000",1551.0,76372182.0,1251.0,60030354.0,1111.0,42399549.0,867.0,49705357.0,287.0,10670012.0,91.0,3617859.0,120.0,4778382.0,68.0,3562184.0,31.0,2813897.0,5377.0,253949776.0
g. Total work related expenses,a. $1 - $299,416169.0,76385201.0,346096.0,63315157.0,347779.0,59901143.0,186542.0,32225003.0,113859.0,19914994.0,29272.0,5066140.0,37875.0,6550127.0,15158.0,2517946.0,4671.0,784893.0,1497421.0,266660604.0
g. Total work related expenses,b. $300,89470.0,26841000.0,66635.0,19990500.0,62310.0,18693000.0,37005.0,11101500.0,19385.0,5815500.0,4085.0,1225500.0,6222.0,1866600.0,2627.0,788100.0,1563.0,468900.0,289302.0,86790600.0
g. Total work related expenses,c. $301 - $500,226727.0,91770748.0,196053.0,79188364.0,167327.0,67312275.0,94965.0,38342236.0,61253.0,24587653.0,17260.0,7035174.0,18861.0,7579636.0,7551.0,3031984.0,2016.0,809314.0,792013.0,319657384.0
g. Total work related expenses,d. $501 - $750,263383.0,164347272.0,225596.0,140935097.0,177045.0,110384198.0,103062.0,64084545.0,64783.0,40278308.0,20588.0,12770658.0,20565.0,12862818.0,7396.0,4618745.0,1886.0,1168690.0,884304.0,551450331.0
g. Total work related expenses,"e. $751 - $1,000",246716.0,215419417.0,209647.0,183053381.0,155547.0,135806505.0,86070.0,75087248.0,54214.0,47279048.0,17596.0,15340298.0,17463.0,15200844.0,6616.0,5783007.0,1500.0,1308317.0,795369.0,694278065.0
g. Total work related expenses,"f. $1,001 - $2,500",869446.0,1404576439.0,733580.0,1183721260.0,499104.0,803337810.0,268470.0,433935419.0,169803.0,272814443.0,51436.0,81777576.0,51334.0,81887919.0,23119.0,37994808.0,3989.0,6314383.0,2670281.0,4306360057.0
g. Total work related expenses,"g. $2,501 - $5,000",580812.0,2124285146.0,472921.0,1727617789.0,364338.0,1352688740.0,199173.0,736283030.0,114055.0,420583655.0,30773.0,112613570.0,33574.0,123920440.0,18753.0,68947098.0,2437.0,8832058.0,1816836.0,6675771526.0
g. Total work related expenses,"h. $5,001 - $10,000",346550.0,2324799770.0,283580.0,1901885064.0,236349.0,1588838240.0,118439.0,789733759.0,65310.0,434350369.0,16965.0,113323634.0,19632.0,131102144.0,12160.0,81564461.0,1756.0,12262761.0,1100741.0,7377860202.0
g. Total work related expenses,"i. $10,001 - $25,000",135324.0,1995782044.0,115886.0,1722907594.0,92248.0,1361587498.0,41154.0,603463355.0,23506.0,346334180.0,6290.0,93080276.0,6287.0,90224194.0,3911.0,57276382.0,1267.0,18968335.0,425873.0,6289623858.0
g. Total work related expenses,"j. More than $25,000",15223.0,529574923.0,13650.0,465375166.0,10783.0,358909003.0,4757.0,179423834.0,2845.0,95223058.0,809.0,27256188.0,695.0,24113694.0,448.0,16112844.0,141.0,6857280.0,49351.0,1702845990.0
h. Cost of managing tax affairs - Interest charged by the AT,a. $1 - $300,36896.0,4869055.0,29848.0,4088036.0,20337.0,2691762.0,12277.0,1625107.0,6763.0,916039.0,1936.0,257488.0,1879.0,245554.0,814.0,105654.0,693.0,94210.0,111443.0,14892905.0
h. Cost of managing tax affairs - Interest charged by the AT,b. $301 - $500,9860.0,3865166.0,8027.0,3146784.0,5636.0,2205722.0,3153.0,1235490.0,1715.0,670296.0,498.0,194082.0,466.0,182286.0,216.0,85485.0,213.0,83185.0,29784.0,11668496.0
h. Cost of managing tax affairs - Interest charged by the AT,c. $501 - $750,7465.0,4628184.0,5973.0,3696843.0,4114.0,2550934.0,2353.0,1457965.0,1287.0,797827.0,378.0,234359.0,365.0,225618.0,146.0,90173.0,188.0,116333.0,22269.0,13798236.0
h. Cost of managing tax affairs - Interest charged by the AT,"d. $751 - $1,000",6138.0,5358015.0,4814.0,4206786.0,3555.0,3104194.0,1920.0,1671634.0,1022.0,888050.0,331.0,290066.0,289.0,251134.0,133.0,115185.0,147.0,128586.0,18349.0,16013650.0
h. Cost of managing tax affairs - Interest charged by the AT,"e. $1,001 - $2,500",18891.0,30914077.0,15854.0,26084826.0,10966.0,17995224.0,5931.0,9747633.0,3237.0,5281336.0,872.0,1431989.0,834.0,1362732.0,397.0,655120.0,396.0,635433.0,57378.0,94108370.0
h. Cost of managing tax affairs - Interest charged by the AT,"f. $2,501 - $5,000",10553.0,37057421.0,9614.0,33932699.0,6462.0,22749836.0,3530.0,12409347.0,1870.0,6565187.0,506.0,1799529.0,454.0,1593291.0,254.0,892172.0,166.0,567571.0,33409.0,117567053.0
h. Cost of managing tax affairs - Interest charged by the AT,"g. $5,001 - $10,000",6065.0,42104232.0,5899.0,41184752.0,3583.0,24961502.0,2094.0,14465369.0,996.0,6951582.0,284.0,1984066.0,235.0,1619274.0,144.0,984319.0,102.0,705299.0,19402.0,134960395.0
h. Cost of managing tax affairs - Interest charged by the AT,"h. $10,001 - $25,000",2843.0,39953242.0,2724.0,38206982.0,1731.0,24329956.0,980.0,13917650.0,501.0,7039746.0,104.0,1503873.0,127.0,1772872.0,60.0,872068.0,52.0,740414.0,9122.0,128336803.0
h. Cost of managing tax affairs - Interest charged by the AT,"i. More than $25,000",371.0,76723961.0,265.0,61935820.0,169.0,14643657.0,139.0,17647089.0,55.0,4893168.0,11.0,628303.0,10.0,374788.0,5.0,801144.0,14.0,4877363.0,1039.0,182525293.0
i. Cost of managing tax affairs - Litigation Costs,a. $1 - $300,3540.0,474894.0,2837.0,387032.0,1420.0,190513.0,1280.0,187734.0,567.0,80559.0,203.0,29427.0,268.0,33564.0,164.0,30249.0,27.0,4843.0,10306.0,1418815.0
i. Cost of managing tax affairs - Litigation Costs,b. $301 - $500,326.0,126352.0,251.0,97096.0,129.0,50673.0,102.0,39213.0,68.0,26179.0,16.0,5711.0,19.0,7481.0,8.0,3481.0,6.0,2238.0,925.0,358424.0
i. Cost of managing tax affairs - Litigation Costs,c. $501 - $750,110.0,68542.0,84.0,52701.0,53.0,32533.0,33.0,19576.0,26.0,15454.0,8.0,4558.0,13.0,7478.0,5.0,2792.0,2.0,1393.0,334.0,205027.0
i. Cost of managing tax affairs - Litigation Costs,"d. $751 - $1,000",53.0,46836.0,58.0,51967.0,40.0,35472.0,14.0,12971.0,16.0,13726.0,2.0,1792.0,4.0,3475.0,3.0,2850.0,1.0,913.0,191.0,170002.0
i. Cost of managing tax affairs - Litigation Costs,"e. $1,001 - $2,500",131.0,221617.0,115.0,196024.0,78.0,125692.0,49.0,78204.0,32.0,54103.0,8.0,13228.0,6.0,10309.0,4.0,6864.0,4.0,5668.0,427.0,711709.0
i. Cost of managing tax affairs - Litigation Costs,"f. $2,501 - $5,000",97.0,359502.0,85.0,325523.0,44.0,164798.0,31.0,112373.0,36.0,138154.0,4.0,12555.0,3.0,12037.0,3.0,10506.0,2.0,7275.0,305.0,1142723.0
i. Cost of managing tax affairs - Litigation Costs,"g. $5,001 - $10,000",91.0,675702.0,67.0,493981.0,37.0,252044.0,33.0,235430.0,15.0,107430.0,4.0,33045.0,3.0,28438.0,3.0,27760.0,2.0,17487.0,255.0,1871317.0
i. Cost of managing tax affairs - Litigation Costs,"h. $10,001 - $25,000",62.0,979180.0,49.0,773173.0,40.0,595077.0,16.0,259063.0,18.0,298389.0,6.0,87635.0,1.0,13931.0,0.0,0.0,1.0,13260.0,193.0,3019708.0
i. Cost of managing tax affairs - Litigation Costs,"i. More than $25,000",47.0,5828719.0,43.0,3932008.0,27.0,1563051.0,14.0,1060327.0,4.0,157982.0,2.0,130619.0,1.0,40492.0,2.0,2047376.0,0.0,0.0,140.0,14760574.0
j. Cost of managing tax affairs - Other expenses incurred in,a. $1 - $300,1392022.0,232034326.0,1170322.0,199790366.0,836860.0,138416429.0,431468.0,75429143.0,285852.0,46108866.0,62868.0,10933998.0,99131.0,15654981.0,43778.0,7688457.0,19968.0,3867376.0,4342269.0,729923942.0
j. Cost of managing tax affairs - Other expenses incurred in,b. $301 - $500,294485.0,113523198.0,239322.0,92005807.0,159451.0,61363476.0,106608.0,40967078.0,54522.0,20851183.0,22755.0,8826988.0,12498.0,4772989.0,8418.0,3198285.0,11080.0,4334550.0,909139.0,349843554.0
j. Cost of managing tax affairs - Other expenses incurred in,c. $501 - $750,117302.0,71311328.0,87023.0,52792854.0,62501.0,37983409.0,40754.0,24755185.0,19940.0,12123227.0,10076.0,6130171.0,4327.0,2638583.0,2803.0,1689362.0,5317.0,3255698.0,350043.0,212679817.0
j. Cost of managing tax affairs - Other expenses incurred in,"d. $751 - $1,000",55529.0,48224962.0,39598.0,34382507.0,29425.0,25504706.0,19250.0,16691324.0,9178.0,7966789.0,4883.0,4239919.0,2025.0,1752412.0,1164.0,1005049.0,2967.0,2579854.0,164019.0,142347522.0
j. Cost of managing tax affairs - Other expenses incurred in,"e. $1,001 - $2,500",74071.0,112437822.0,51885.0,78460935.0,41212.0,62275956.0,25120.0,37876174.0,12412.0,18724072.0,5819.0,8761377.0,2641.0,3994325.0,1257.0,1870284.0,4443.0,6815954.0,218860.0,331216899.0
j. Cost of managing tax affairs - Other expenses incurred in,"f. $2,501 - $5,000",20690.0,71227214.0,13368.0,45830914.0,10309.0,35255140.0,6021.0,20398208.0,3176.0,10847693.0,1378.0,4728850.0,607.0,2047556.0,275.0,926999.0,1188.0,4098315.0,57012.0,195360889.0
j. Cost of managing tax affairs - Other expenses incurred in,"g. $5,001 - $10,000",7253.0,49875159.0,4475.0,30423545.0,3290.0,22078326.0,1775.0,11903893.0,965.0,6459878.0,481.0,3218916.0,152.0,1019022.0,75.0,514587.0,396.0,2685149.0,18862.0,128178475.0
j. Cost of managing tax affairs - Other expenses incurred in,"h. $10,001 - $25,000",2296.0,33079173.0,1478.0,21470208.0,896.0,12600561.0,479.0,6917210.0,310.0,4390715.0,109.0,1490696.0,38.0,556815.0,16.0,230148.0,130.0,1950027.0,5752.0,82685553.0
j. Cost of managing tax affairs - Other expenses incurred in,"i. More than $25,000",582.0,38509194.0,342.0,17429355.0,174.0,9601111.0,78.0,4180058.0,32.0,1450580.0,11.0,728513.0,8.0,308011.0,5.0,206129.0,40.0,2520081.0,1272.0,74933032.0
k. Other deductions,a. $1 - $300,25082.0,3561632.0,20275.0,2983894.0,19649.0,2821614.0,10019.0,1461476.0,6027.0,868751.0,2058.0,281422.0,1568.0,230188.0,662.0,97781.0,576.0,74639.0,85916.0,12381397.0
k. Other deductions,b. $301 - $500,11403.0,4583441.0,9473.0,3804576.0,9005.0,3618145.0,4780.0,1921492.0,2993.0,1204281.0,813.0,324313.0,717.0,288181.0,364.0,143054.0,199.0,78820.0,39747.0,15966303.0
k. Other deductions,c. $501 - $750,12674.0,7908441.0,10291.0,6431321.0,10119.0,6342786.0,5342.0,3347192.0,3157.0,1966921.0,964.0,599083.0,828.0,514533.0,340.0,213418.0,171.0,106638.0,43886.0,27430333.0
k. Other deductions,"d. $751 - $1,000",12031.0,10549555.0,9684.0,8476500.0,8887.0,7808128.0,4884.0,4290670.0,2785.0,2445422.0,848.0,741762.0,717.0,629279.0,317.0,280367.0,165.0,143293.0,40318.0,35364976.0
k. Other deductions,"e. $1,001 - $2,500",49680.0,84451384.0,42131.0,71394206.0,38492.0,65237527.0,20460.0,34623048.0,12355.0,20880593.0,3317.0,5637522.0,3219.0,5462067.0,1236.0,2051927.0,594.0,1019289.0,171484.0,290757563.0
k. Other deductions,"f. $2,501 - $5,000",41612.0,148277344.0,35695.0,127459545.0,32449.0,115905077.0,16815.0,60416785.0,10187.0,36386955.0,2719.0,9711927.0,2458.0,8745854.0,1026.0,3695714.0,524.0,1862559.0,143485.0,512461760.0
k. Other deductions,"g. $5,001 - $10,000",26846.0,185876014.0,21816.0,150919325.0,19505.0,134181687.0,11180.0,77094748.0,6020.0,41418046.0,1686.0,11595896.0,1395.0,9582550.0,600.0,4111293.0,391.0,2703582.0,89439.0,617483141.0
k. Other deductions,"h. $10,001 - $25,000",12798.0,187555278.0,10451.0,152029766.0,8284.0,120145588.0,4521.0,65418987.0,2719.0,39485384.0,717.0,10523932.0,508.0,7382073.0,253.0,3685452.0,185.0,2797673.0,40436.0,589024133.0
k. Other deductions,"i. More than $25,000",3089.0,199728958.0,2203.0,147826793.0,1562.0,91413712.0,845.0,45746454.0,453.0,22535899.0,133.0,6871147.0,100.0,4990306.0,32.0,1284334.0,95.0,6877874.0,8512.0,527275477.0
l. Rent - interest deductions,a. $1 - $500,22552.0,4408938.0,17470.0,3399018.0,12674.0,2546875.0,6741.0,1309767.0,4295.0,836166.0,1528.0,288349.0,1137.0,239498.0,498.0,99710.0,1769.0,302737.0,68664.0,13431058.0
l. Rent - interest deductions,"b. $501 - $1,000",11548.0,8662841.0,8637.0,6461220.0,7711.0,5800647.0,4335.0,3272443.0,2768.0,2079265.0,782.0,586678.0,821.0,626424.0,382.0,291136.0,858.0,635771.0,37842.0,28416425.0
l. Rent - interest deductions,"c. $1,001 - $2,500",35526.0,62652115.0,26827.0,47300554.0,25010.0,44194667.0,14308.0,25285596.0,9703.0,17137841.0,2562.0,4485727.0,2574.0,4509219.0,1172.0,2092786.0,2530.0,4448182.0,120212.0,212106687.0
l. Rent - interest deductions,"d. $2,501 - $5,000",68855.0,261247485.0,55496.0,211149129.0,47787.0,180061855.0,27596.0,104173612.0,19458.0,73066483.0,5357.0,20485209.0,4937.0,18566848.0,2576.0,9768546.0,5001.0,18902357.0,237063.0,897421524.0
l. Rent - interest deductions,"e. $5,001 - $10,000",145184.0,1081366893.0,116753.0,867623312.0,81058.0,594266804.0,48486.0,356084864.0,31074.0,225890186.0,10632.0,79070986.0,7540.0,54684610.0,4910.0,36134919.0,9717.0,72146643.0,455354.0,3367269217.0
l. Rent - interest deductions,"f. $10,001 - $15,000",107806.0,1330796853.0,83587.0,1028530220.0,46856.0,574035078.0,28060.0,343161498.0,16351.0,199703780.0,7273.0,89497608.0,4055.0,49472379.0,2925.0,35749503.0,6741.0,82918435.0,303654.0,3733865354.0
l. Rent - interest deductions,"g. $15,001 - $25,000",114265.0,2202116693.0,80075.0,1536360828.0,39093.0,745404722.0,23403.0,444591489.0,12270.0,232011940.0,7056.0,135514948.0,2794.0,52832340.0,2581.0,49306309.0,7338.0,141873127.0,288875.0,5540012396.0
l. Rent - interest deductions,"h. $25,001 - $35,000",49324.0,1447526030.0,30384.0,889375852.0,13321.0,389281099.0,7242.0,211281161.0,3800.0,110809080.0,2836.0,83005440.0,873.0,25397327.0,842.0,24616255.0,3273.0,96014270.0,111895.0,3277306514.0
l. Rent - interest deductions,"i. $35,001 - $50,000",30570.0,1261596155.0,16992.0,699375856.0,7066.0,290598142.0,3679.0,151262768.0,1829.0,74874226.0,1543.0,63438449.0,414.0,16926337.0,404.0,16481483.0,2113.0,87477987.0,64610.0,2662031403.0
l. Rent - interest deductions,"j. $50,001 - $75,000",16984.0,1017736418.0,8607.0,514828645.0,3356.0,199611698.0,1725.0,102667992.0,736.0,43499021.0,777.0,46043587.0,189.0,11356281.0,195.0,11580007.0,1244.0,74830341.0,33813.0,2022153990.0
l. Rent - interest deductions,"k. More than $75,000",10672.0,1292307565.0,4302.0,482748653.0,1568.0,192006357.0,794.0,90336306.0,266.0,28232859.0,422.0,48030010.0,107.0,14250594.0,79.0,8085830.0,768.0,88233730.0,18978.0,2244231904.0
m. Rent - capital works deductions,a. $1 - $500,82247.0,14258681.0,61188.0,10037976.0,52245.0,8412544.0,27342.0,4417225.0,19343.0,3063083.0,5515.0,960281.0,6041.0,939166.0,2279.0,380200.0,5060.0,872974.0,261260.0,43342130.0
m. Rent - capital works deductions,"b. $751 - $1,000",32087.0,23625029.0,22500.0,16543533.0,17499.0,12918361.0,9485.0,6998029.0,5604.0,4105395.0,2261.0,1673519.0,1545.0,1127065.0,787.0,584469.0,1881.0,1397300.0,93649.0,68972700.0
m. Rent - capital works deductions,"c. $1,001 - $2,500",81844.0,143303815.0,61538.0,110009552.0,43985.0,76756261.0,25359.0,45107489.0,14564.0,25518244.0,6717.0,11982039.0,2896.0,4925876.0,2347.0,4209606.0,6630.0,11930080.0,245880.0,433742962.0
m. Rent - capital works deductions,"d. $2,501 - $5,000",109079.0,392642864.0,78668.0,281224946.0,47113.0,167141501.0,28975.0,104273073.0,14630.0,52372182.0,9384.0,33660242.0,2598.0,9219221.0,2884.0,10394672.0,11416.0,41489919.0,304747.0,1092418620.0
m. Rent - capital works deductions,"e. $5,001 - $10,000",85762.0,594475427.0,53555.0,363946330.0,29507.0,199993015.0,18237.0,123153719.0,8054.0,53957308.0,6703.0,45929129.0,1516.0,10205104.0,2056.0,14016719.0,10522.0,73565660.0,215912.0,1479242411.0
m. Rent - capital works deductions,"f. $10,001 - $15,000",22602.0,272000225.0,11961.0,143484399.0,6446.0,77152031.0,4033.0,48362904.0,1627.0,19542959.0,1597.0,19150504.0,299.0,3587938.0,515.0,6180218.0,2992.0,36035280.0,52072.0,625496458.0
m. Rent - capital works deductions,"g. $15,001 - $25,000",11588.0,215620842.0,5572.0,103439702.0,2937.0,54517445.0,1790.0,33338312.0,610.0,11180192.0,746.0,13903658.0,156.0,2862547.0,250.0,4588687.0,1623.0,30435625.0,25272.0,469887010.0
m. Rent - capital works deductions,"h. $25,001 - $35,000",2813.0,82127444.0,1206.0,35279891.0,662.0,19452048.0,453.0,13224854.0,131.0,3834408.0,140.0,4031098.0,37.0,1123157.0,48.0,1389781.0,375.0,10764049.0,5865.0,171226730.0
m. Rent - capital works deductions,"i. $35,001 - $50,000",1130.0,46272885.0,508.0,20640143.0,277.0,11346009.0,188.0,7611789.0,45.0,1795156.0,67.0,2728939.0,16.0,680483.0,17.0,660345.0,169.0,6886510.0,2417.0,98622259.0
m. Rent - capital works deductions,"j. More than $50,000",662.0,55295005.0,247.0,19045613.0,142.0,15498900.0,97.0,7299238.0,18.0,1118607.0,28.0,2132426.0,11.0,904974.0,6.0,377513.0,92.0,6792565.0,1303.0,108464841.0
n. Rent - other rental deductions,a. $301 - $500,14770.0,3043224.0,12729.0,2474639.0,9288.0,1872568.0,4725.0,1035255.0,3259.0,696592.0,806.0,162227.0,815.0,189196.0,310.0,67711.0,449.0,95175.0,47151.0,9636587.0
n. Rent - other rental deductions,"b. $751 - $1,000",10587.0,8083313.0,8005.0,6108597.0,6731.0,5099353.0,4357.0,3308309.0,2960.0,2246210.0,544.0,407806.0,788.0,604362.0,244.0,184437.0,346.0,265776.0,34562.0,26308163.0
n. Rent - other rental deductions,"c. $1,001 - $2,500",47271.0,86294510.0,41750.0,77481584.0,25736.0,46300129.0,18435.0,33664983.0,15886.0,29380265.0,2043.0,3663128.0,4065.0,7587483.0,1153.0,2062223.0,1643.0,3054971.0,157982.0,289489276.0
n. Rent - other rental deductions,"d. $2,501 - $5,000",155571.0,595668301.0,135525.0,511785542.0,76157.0,292850899.0,50087.0,190354050.0,36989.0,137376851.0,6457.0,25108540.0,9542.0,35425612.0,3760.0,14597690.0,8955.0,35399184.0,483043.0,1838566669.0
n. Rent - other rental deductions,"e. $5,001 - $10,000",251791.0,1835685939.0,189731.0,1368543744.0,120514.0,872133070.0,70910.0,512229452.0,42339.0,302017369.0,15460.0,112865776.0,10852.0,77797394.0,6591.0,47877342.0,21542.0,158202941.0,729730.0,5287353027.0
n. Rent - other rental deductions,"f. $10,001 - $15,000",128872.0,1570223032.0,84379.0,1025756153.0,60608.0,737059888.0,32107.0,389614291.0,15585.0,188913577.0,9827.0,120864635.0,4333.0,52499777.0,3550.0,43204860.0,13033.0,159343325.0,352294.0,4287479538.0
n. Rent - other rental deductions,"g. $15,001 - $25,000",102932.0,1965682143.0,62211.0,1185101445.0,44534.0,847876931.0,22503.0,426695563.0,10532.0,198948733.0,8294.0,158297262.0,2970.0,56558136.0,2527.0,47933411.0,11165.0,214069804.0,267668.0,5101163428.0
n. Rent - other rental deductions,"h. $25,001 - $35,000",38135.0,1117153693.0,21193.0,619905019.0,15906.0,465535736.0,7179.0,209787089.0,3134.0,91223243.0,3072.0,89897880.0,1012.0,29497395.0,894.0,26114872.0,4285.0,125660668.0,94810.0,2774775595.0
n. Rent - other rental deductions,"i. $35,001 - $50,000",22438.0,926987463.0,11702.0,482562604.0,9163.0,378517920.0,3747.0,153733636.0,1573.0,64757149.0,1822.0,75048752.0,625.0,25695640.0,469.0,19277401.0,2722.0,112315540.0,54261.0,2238896105.0
n. Rent - other rental deductions,"j. $50,001 - $75,000",12876.0,771575456.0,6114.0,365604531.0,4751.0,284403459.0,1896.0,113463420.0,739.0,44260619.0,914.0,54541392.0,316.0,19091583.0,219.0,12985465.0,1638.0,97973720.0,29463.0,1763899645.0
n. Rent - other rental deductions,"k. More than $75,000",8679.0,1087738300.0,3665.0,459874107.0,2762.0,332098782.0,987.0,116888070.0,352.0,38888989.0,506.0,60794089.0,177.0,20377756.0,93.0,9654579.0,1076.0,132500703.0,18297.0,2258815375.0
