"Taxation statistics 2021–22 Individuals: 100 People statistics, for selected income years",,,,,,,,,,,,
Income year2,2008–09,2012–13,2013–14,2014–15,2015–16,2016–17,2017–18,2018–19,2019–20,2020–21,2021–22,2022-23
Individuals lodging tax returns (no. millions),12.3,12.8,13,13.2,13.5,13.9,14.3,14.7,15,15.1,15.5,16.1
,,,,,,,,,,,,
These tax returns represented as 100 people1,,,,,,,,,,,,
Sex,,,,,,,,,,,,
Males,52,52,52,52,52,52,51,51,51,51,51,50
Females,48,48,48,48,48,49,49,49,49,49,49,50
,,,,,,,,,,,,
Where they lived,,,,,,,,,,,,
NSW,32,32,31,31,31,31,31,31,31,31,31,31
VIC,25,25,25,25,25,25,25,26,26,25,25,26
QLD,20,20,20,20,20,20,20,20,20,20,20,20
WA,11,11,11,11,11,11,11,11,11,11,11,11
SA,7,7,7,7,7,7,7,7,7,7,7,7
TAS,2,2,2,2,2,2,2,2,2,2,2,2
ACT,2,2,2,2,2,2,2,2,2,2,2,2
NT,1,1,1,1,1,1,1,1,1,1,1,1
Overseas or unknown,0,0,1,1,1,1,1,1,1,1,1,1
,,,,,,,,,,,,
Generation3,,,,,,,,,,,,
Generation Z,0,1,2,3,4,6,8,10,12,14,16,18
Generation Y,25,31,32,33,34,34,35,35,35,35,35,35
Generation X,36,35,34,34,33,33,32,32,31,30,30,29
Baby boomers,29,26,25,24,23,22,21,19,18,17,16,15
Silent generation,10,7,7,6,6,5,5,4,4,4,3,3
,,,,,,,,,,,,
How they lodged,,,,,,,,,,,,
Tax agent,71,74,74,74,73,71,70,67,65,64,63,63
MyTax,na,na,8,14,25,27,29,32,34,36,36,37
Paper,10,4,4,3,2,2,1,1,1,1,0,0
e-tax,19,22,14,9,na,na,na,na,na,na,na,na
,,,,,,,,,,,,
Occupation,,,,,,,,,,,,
Blue collar,24,24,23,23,23,23,24,24,24,24,25,25
White collar,38,40,39,39,39,39,39,39,39,39,39,39
Service sector,14,15,15,15,16,16,16,16,16,16,17,17
Unknown or none,24,21,23,23,22,21,21,21,21,21,19,19
,,,,,,,,,,,,
Claimed deduction for donation to charity,38,36,35,35,33,33,31,29,29,28,27,28
,,,,,,,,,,,,
Declared capital gains,4,4,5,5,5,5,5,5,6,8,9,9
,,,,,,,,,,,,
Claimed work-related expenses,65,66,66,65,64,64,63,61,63,64,63,62
Under $500,27,24,23,22,20,20,20,20,19,17,16,16
"$500 to $1,000",11,11,11,10,10,10,10,10,11,11,10,11
"Over $1,000",27,31,32,33,34,34,33,31,33,36,37,36
,,,,,,,,,,,,
Earned rental income,14,15,16,16,16,16,16,15,15,15,15,14
Loss,9,10,10,10,10,10,10,9,8,7,6,7
Profit,5,5,6,6,6,6,6,6,7,8,9,7
,,,,,,,,,,,,
After we assessed the tax returns,,,,,,,,,,,,
Received a refund,84,80,79,78,77,78,76,80,79,77,78,72
Owed tax,12,14,15,16,16,15,17,13,13,15,14,21
Balanced perfectly,4,6,6,6,7,7,7,7,8,8,8,7
,,,,,,,,,,,,
Operated a business in their own name,8,9,9,9,9,10,10,10,10,10,10,10
Loss,2,2,2,2,2,2,2,2,2,2,2,2
Profit,6,7,7,7,7,7,8,8,8,8,8,9
,,,,,,,,,,,,
Proportion of all net tax paid when ranked by taxable income,,,,,,,,,,,,
Top 3,0.31,0.27,0.3,0.3,0.3,0.3,0.3,0.3,0.29,0.31,0.33,0.2946
Next 6,0.18,0.2,0.19,0.19,0.19,0.18,0.18,0.19,0.19,0.18,0.18,0.1783
Next 31 (2009) or 30 (2013 to 2022),0.41,0.42,0.4,0.4,0.4,0.4,0.4,0.4,0.4,0.39,0.38,0.402
"Next 35 (2009, 2013) or 36 (2014 to 2017) or 37 (2018 to 2022)",0.1,0.11,0.11,0.11,0.11,0.12,0.12,0.12,0.12,0.11,0.11,0.1251
Last X paid no tax,25,26,25,25,25,25,25,25,25,23,24,21
