Percentile,Ranged Taxable Income,Sex,Statistic3,Taxable income or loss $,Net tax $,Total Income or Loss2 $,Total deductions2 $,Net rent2 $,Total business income2 $,Total business expenses2 $,HELP debt balance $,SFSS debt balance $,TSL debt balance $,VSL debt balance $,SSL debt balance $,Tax payable $,Tax refundable $,Net capital gain $,Estimated tax on net capital gain $,Total current year capital gain $
1.0,"$23,903 or less",Female,Average,16213.0,998.0,18037.0,1591.0,7259.0,52268.0,44637.0,24219.0,13249.0,7026.0,8021.0,3460.0,1468.0,-2487.0,8558.0,609.0,17623.0
1.0,"$23,903 or less",Female,Median,23369.0,52.0,23477.0,220.0,6233.0,19336.0,6588.0,19802.0,9058.0,6734.0,5451.0,2280.0,887.0,-1774.0,1023.0,38.0,1693.0
1.0,"$23,903 or less",Male  ,Average,14640.0,1233.0,16777.0,1717.0,7638.0,61442.0,51280.0,26784.0,16050.0,7448.0,11265.0,3555.0,1486.0,-2916.0,7271.0,694.0,16732.0
1.0,"$23,903 or less",Male  ,Median,16617.0,311.0,18831.0,165.0,6561.0,27855.0,12600.0,22179.0,11290.0,6715.0,5814.0,2280.0,892.0,-1847.0,884.0,72.0,1464.0
2.0,"$23,904 to $25,057",Female,Average,24487.0,155.0,26181.0,1635.0,4115.0,36742.0,25361.0,23995.0,11352.0,7512.0,7528.0,3520.0,291.0,-2700.0,10506.0,56.0,23146.0
2.0,"$23,904 to $25,057",Female,Median,24489.0,112.0,24914.0,300.0,1894.0,23859.0,6999.0,19585.0,7820.0,7030.0,5626.0,2280.0,112.0,-2142.0,1099.0,4.0,1917.0
2.0,"$23,904 to $25,057",Male  ,Average,24491.0,175.0,26426.0,1782.0,5812.0,62576.0,50013.0,27208.0,16114.0,7172.0,13372.0,3597.0,276.0,-3122.0,7437.0,112.0,16774.0
2.0,"$23,904 to $25,057",Male  ,Median,24495.0,113.0,24893.0,250.0,3804.0,32385.0,14896.0,22418.0,11132.0,6392.0,6544.0,2280.0,112.0,-2408.0,921.0,3.0,1491.0
3.0,"$25,058 to $26,075",Female,Average,25581.0,272.0,27390.0,1760.0,4471.0,34938.0,23031.0,23940.0,12370.0,6663.0,7859.0,3514.0,391.0,-2877.0,8453.0,114.0,19259.0
3.0,"$25,058 to $26,075",Female,Median,25587.0,223.0,26012.0,340.0,2075.0,23548.0,7022.0,19869.0,8847.0,6031.0,5746.0,2280.0,208.0,-2269.0,1480.0,9.0,2529.0
3.0,"$25,058 to $26,075",Male  ,Average,25585.0,283.0,27737.0,2029.0,5435.0,54615.0,40093.0,27055.0,16391.0,7704.0,11450.0,3640.0,374.0,-3229.0,7762.0,114.0,18380.0
3.0,"$25,058 to $26,075",Male  ,Median,25590.0,220.0,25996.0,300.0,3244.0,31253.0,13095.0,22553.0,10308.0,6981.0,6092.0,2280.0,212.0,-2534.0,1157.0,8.0,1760.0
4.0,"$26,076 to $27,050",Female,Average,26561.0,478.0,28223.0,1621.0,4027.0,35145.0,22795.0,24007.0,12130.0,7332.0,7335.0,3562.0,481.0,-2842.0,7651.0,115.0,18822.0
4.0,"$26,076 to $27,050",Female,Median,26557.0,461.0,27004.0,366.0,1814.0,23287.0,7249.0,19934.0,8064.0,6667.0,5308.0,2280.0,319.0,-2232.0,1417.0,19.0,2528.0
4.0,"$26,076 to $27,050",Male  ,Average,26563.0,460.0,28516.0,1862.0,5361.0,57765.0,42744.0,27100.0,14806.0,7686.0,12369.0,3551.0,454.0,-3194.0,7218.0,130.0,17823.0
4.0,"$26,076 to $27,050",Male  ,Median,26560.0,420.0,26966.0,300.0,3335.0,33828.0,14311.0,22301.0,9590.0,7063.0,5567.0,2280.0,313.0,-2477.0,1066.0,14.0,1720.0
5.0,"$27,051 to $28,035",Female,Average,27544.0,723.0,29175.0,1579.0,3852.0,37987.0,24727.0,24045.0,11643.0,7687.0,7398.0,3553.0,611.0,-2780.0,7047.0,196.0,16292.0
5.0,"$27,051 to $28,035",Female,Median,27545.0,748.0,28016.0,400.0,1741.0,25313.0,7524.0,20098.0,7867.0,7070.0,5497.0,2280.0,465.0,-2171.0,1475.0,31.0,2627.0
5.0,"$27,051 to $28,035",Male  ,Average,27545.0,692.0,29550.0,1857.0,5046.0,59597.0,43032.0,27280.0,16852.0,7743.0,10015.0,3578.0,591.0,-3214.0,6638.0,191.0,27964.0
5.0,"$27,051 to $28,035",Male  ,Median,27547.0,708.0,27970.0,308.0,3195.0,36850.0,15955.0,22798.0,10924.0,7272.0,6258.0,2280.0,455.0,-2508.0,1005.0,23.0,1607.0
6.0,"$28,036 to $29,025",Female,Average,28531.0,977.0,30212.0,1624.0,3694.0,40667.0,27062.0,24084.0,11993.0,8248.0,7087.0,3644.0,747.0,-2757.0,7061.0,217.0,15442.0
6.0,"$28,036 to $29,025",Female,Median,28530.0,1037.0,29022.0,426.0,1589.0,25135.0,7671.0,20063.0,8028.0,7404.0,5374.0,3285.0,667.0,-2110.0,1354.0,40.0,2356.0
6.0,"$28,036 to $29,025",Male  ,Average,28529.0,930.0,30600.0,1949.0,4960.0,57399.0,40078.0,27268.0,15807.0,7784.0,11100.0,3532.0,725.0,-3257.0,6496.0,229.0,17106.0
6.0,"$28,036 to $29,025",Male  ,Median,28528.0,996.0,28977.0,350.0,3050.0,38609.0,16584.0,22820.0,10791.0,7252.0,5531.0,2280.0,651.0,-2505.0,1204.0,35.0,1794.0
7.0,"$29,026 to $30,000",Female,Average,29517.0,1211.0,31176.0,1606.0,3704.0,36953.0,23220.0,24506.0,11614.0,8105.0,7005.0,3543.0,879.0,-2733.0,7315.0,264.0,17909.0
7.0,"$29,026 to $30,000",Female,Median,29518.0,1316.0,30018.0,443.0,1469.0,24866.0,7683.0,20494.0,7983.0,7461.0,5313.0,2280.0,829.0,-2082.0,1327.0,51.0,2418.0
7.0,"$29,026 to $30,000",Male  ,Average,29518.0,1163.0,31641.0,2033.0,5109.0,59762.0,42399.0,27773.0,13768.0,7949.0,9527.0,3686.0,901.0,-3238.0,7139.0,270.0,17402.0
7.0,"$29,026 to $30,000",Male  ,Median,29520.0,1284.0,29997.0,361.0,2925.0,38587.0,16256.0,23277.0,9103.0,7316.0,5565.0,2289.0,861.0,-2463.0,1043.0,39.0,1668.0
8.0,"$30,001 to $30,978",Female,Average,30490.0,1400.0,32149.0,1610.0,3722.0,41605.0,27851.0,24434.0,11800.0,7676.0,7520.0,3562.0,956.0,-2740.0,7127.0,298.0,16238.0
8.0,"$30,001 to $30,978",Female,Median,30490.0,1521.0,31025.0,465.0,1461.0,25371.0,7614.0,20376.0,8660.0,6849.0,5230.0,2280.0,921.0,-2069.0,1335.0,57.0,2358.0
8.0,"$30,001 to $30,978",Male  ,Average,30489.0,1348.0,32600.0,2015.0,4392.0,65111.0,47119.0,28085.0,13670.0,8360.0,13700.0,3608.0,1003.0,-3237.0,6963.0,303.0,16473.0
8.0,"$30,001 to $30,978",Male  ,Median,30492.0,1492.0,30963.0,388.0,2586.0,40792.0,17307.0,23552.0,9367.0,7895.0,6384.0,3349.0,983.0,-2482.0,1064.0,45.0,1672.0
9.0,"$30,979 to $31,958",Female,Average,31469.0,1594.0,33150.0,1641.0,3759.0,36232.0,21616.0,24600.0,11856.0,8012.0,7407.0,3668.0,1053.0,-2743.0,6899.0,317.0,14770.0
9.0,"$30,979 to $31,958",Female,Median,31469.0,1727.0,32026.0,494.0,1566.0,24980.0,7420.0,20398.0,8242.0,6779.0,5214.0,2281.0,961.0,-2074.0,1302.0,61.0,2275.0
9.0,"$30,979 to $31,958",Male  ,Average,31466.0,1539.0,33607.0,2044.0,4754.0,64067.0,46080.0,27817.0,14128.0,8227.0,12590.0,3685.0,1130.0,-3308.0,7473.0,335.0,16246.0
9.0,"$30,979 to $31,958",Male  ,Median,31464.0,1699.0,31956.0,421.0,2803.0,40761.0,17021.0,23363.0,10046.0,7708.0,6010.0,2284.0,1110.0,-2534.0,1114.0,50.0,1576.0
10.0,"$31,959 to $32,907",Female,Average,32431.0,1754.0,34128.0,1656.0,3920.0,44518.0,30349.0,24301.0,12223.0,7898.0,6915.0,3635.0,1108.0,-2818.0,7406.0,339.0,18362.0
10.0,"$31,959 to $32,907",Female,Median,32430.0,1929.0,33001.0,508.0,1567.0,24264.0,7778.0,20074.0,8499.0,7661.0,5087.0,2289.0,994.0,-2116.0,1455.0,57.0,2660.0
10.0,"$31,959 to $32,907",Male  ,Average,32431.0,1669.0,34626.0,2084.0,5603.0,66713.0,48256.0,28385.0,15170.0,8533.0,13108.0,3632.0,1164.0,-3376.0,6752.0,314.0,15481.0
10.0,"$31,959 to $32,907",Male  ,Median,32430.0,1899.0,32943.0,434.0,3174.0,41686.0,17334.0,23985.0,10207.0,8026.0,5860.0,3325.0,1126.0,-2547.0,1186.0,42.0,1917.0
11.0,"$32,908 to $33,849",Female,Average,33377.0,1944.0,35127.0,1697.0,4033.0,39015.0,24727.0,24360.0,11536.0,7979.0,7154.0,3671.0,1155.0,-2850.0,7884.0,359.0,16620.0
11.0,"$32,908 to $33,849",Female,Median,33377.0,2129.0,33970.0,536.0,1582.0,22892.0,7355.0,20286.0,7747.0,7811.0,5352.0,3367.0,1012.0,-2122.0,1593.0,71.0,2808.0
11.0,"$32,908 to $33,849",Male  ,Average,33377.0,1856.0,35536.0,2067.0,4908.0,68335.0,49319.0,28112.0,15598.0,8706.0,11286.0,3789.0,1246.0,-3393.0,7425.0,344.0,16070.0
11.0,"$32,908 to $33,849",Male  ,Median,33377.0,2100.0,33902.0,452.0,2861.0,42606.0,17239.0,23510.0,11026.0,8003.0,5560.0,3367.0,1119.0,-2578.0,1381.0,60.0,2181.0
12.0,"$33,850 to $34,785",Female,Average,34319.0,2141.0,36044.0,1700.0,3852.0,38765.0,23595.0,24553.0,11586.0,8430.0,7683.0,3733.0,1243.0,-2851.0,7353.0,400.0,17864.0
12.0,"$33,850 to $34,785",Female,Median,34319.0,2328.0,34931.0,550.0,1566.0,23715.0,7267.0,20453.0,8494.0,8007.0,5496.0,3367.0,1086.0,-2131.0,1545.0,82.0,2737.0
12.0,"$33,850 to $34,785",Male  ,Average,34318.0,2054.0,36589.0,2159.0,5218.0,64254.0,44094.0,28308.0,15361.0,8890.0,11273.0,3799.0,1367.0,-3381.0,7970.0,409.0,17210.0
12.0,"$33,850 to $34,785",Male  ,Median,34320.0,2299.0,34878.0,475.0,2809.0,42964.0,16766.0,23879.0,10326.0,8283.0,6115.0,3367.0,1265.0,-2589.0,1300.0,67.0,1936.0
13.0,"$34,786 to $35,683",Female,Average,35242.0,2238.0,37004.0,1719.0,3995.0,39777.0,24265.0,24091.0,11723.0,8256.0,6873.0,3603.0,1315.0,-2877.0,7098.0,385.0,16452.0
13.0,"$34,786 to $35,683",Female,Median,35250.0,2516.0,35860.0,560.0,1552.0,25216.0,7286.0,19948.0,7983.0,7406.0,5078.0,2289.0,1181.0,-2139.0,1451.0,67.0,2454.0
13.0,"$34,786 to $35,683",Male  ,Average,35235.0,2205.0,37481.0,2129.0,5450.0,67807.0,47232.0,28695.0,14295.0,9056.0,11326.0,3832.0,1465.0,-3418.0,7488.0,409.0,19384.0
13.0,"$34,786 to $35,683",Male  ,Median,35238.0,2493.0,35778.0,478.0,2953.0,44600.0,17390.0,23974.0,9639.0,8475.0,5202.0,3374.0,1377.0,-2604.0,1208.0,62.0,2000.0
14.0,"$35,684 to $36,552",Female,Average,36119.0,2333.0,37864.0,1711.0,4393.0,41465.0,26728.0,24175.0,11620.0,8181.0,6692.0,3719.0,1284.0,-2919.0,7436.0,393.0,17129.0
14.0,"$35,684 to $36,552",Female,Median,36118.0,2699.0,36732.0,565.0,1692.0,23418.0,7286.0,20030.0,7666.0,7280.0,4996.0,3367.0,1132.0,-2175.0,1715.0,66.0,3045.0
14.0,"$35,684 to $36,552",Male  ,Average,36118.0,2370.0,38430.0,2208.0,5655.0,69100.0,49043.0,28452.0,15382.0,9187.0,10795.0,3636.0,1540.0,-3495.0,7724.0,439.0,19458.0
14.0,"$35,684 to $36,552",Male  ,Median,36117.0,2681.0,36687.0,500.0,2993.0,43520.0,16728.0,23543.0,10620.0,8627.0,5039.0,2288.0,1476.0,-2659.0,1494.0,71.0,2251.0
15.0,"$36,553 to $37,417",Female,Average,36986.0,2510.0,38770.0,1751.0,4382.0,45664.0,30678.0,24166.0,11996.0,9029.0,6442.0,3696.0,1335.0,-2951.0,7376.0,431.0,15324.0
15.0,"$36,553 to $37,417",Female,Median,36989.0,2882.0,37620.0,592.0,1737.0,24361.0,7820.0,19966.0,8434.0,8504.0,4688.0,3339.0,1057.0,-2196.0,1605.0,75.0,2752.0
15.0,"$36,553 to $37,417",Male  ,Average,36984.0,2532.0,39270.0,2204.0,5729.0,67472.0,46812.0,28649.0,14194.0,9211.0,10412.0,3620.0,1610.0,-3513.0,7156.0,457.0,19691.0
15.0,"$36,553 to $37,417",Male  ,Median,36984.0,2864.0,37567.0,521.0,3048.0,44487.0,17695.0,24135.0,10111.0,8580.0,5070.0,2288.0,1604.0,-2678.0,1443.0,80.0,2445.0
16.0,"$37,418 to $38,282",Female,Average,37850.0,2658.0,39640.0,1744.0,3872.0,39597.0,23664.0,24225.0,11254.0,8427.0,6476.0,3655.0,1407.0,-3000.0,7915.0,478.0,17548.0
16.0,"$37,418 to $38,282",Female,Median,37849.0,3023.0,38501.0,610.0,1334.0,24000.0,7438.0,20113.0,7476.0,8086.0,4699.0,3339.0,1132.0,-2255.0,1807.0,92.0,3024.0
16.0,"$37,418 to $38,282",Male  ,Average,37850.0,2685.0,40223.0,2281.0,5343.0,70868.0,50021.0,28528.0,14237.0,9417.0,11244.0,3666.0,1704.0,-3549.0,8126.0,491.0,17341.0
16.0,"$37,418 to $38,282",Male  ,Median,37850.0,3008.0,38459.0,546.0,2726.0,44564.0,16595.0,23674.0,9624.0,8792.0,5645.0,3367.0,1709.0,-2720.0,1309.0,77.0,1980.0
17.0,"$38,283 to $39,138",Female,Average,38711.0,2842.0,40558.0,1780.0,3816.0,41684.0,25366.0,24151.0,11138.0,8052.0,6621.0,3652.0,1462.0,-3046.0,7619.0,470.0,17659.0
17.0,"$38,283 to $39,138",Female,Median,38711.0,3186.0,39385.0,633.0,1497.0,24871.0,7763.0,19786.0,7981.0,7399.0,5124.0,3357.0,1188.0,-2278.0,1433.0,88.0,2479.0
17.0,"$38,283 to $39,138",Male  ,Average,38712.0,2855.0,41169.0,2340.0,5168.0,75188.0,54141.0,28848.0,15172.0,9494.0,10992.0,3646.0,1797.0,-3618.0,11474.0,527.0,24093.0
17.0,"$38,283 to $39,138",Male  ,Median,38711.0,3172.0,39330.0,559.0,2568.0,45845.0,17336.0,24079.0,10583.0,8849.0,5086.0,3356.0,1821.0,-2760.0,1360.0,88.0,2249.0
18.0,"$39,139 to $39,984",Female,Average,39563.0,3009.0,41428.0,1830.0,3947.0,40899.0,24459.0,24100.0,11242.0,7880.0,6329.0,3707.0,1558.0,-3097.0,8111.0,520.0,16903.0
18.0,"$39,139 to $39,984",Female,Median,39565.0,3344.0,40241.0,648.0,1338.0,24442.0,7633.0,19864.0,7316.0,7198.0,4568.0,3367.0,1345.0,-2336.0,1578.0,101.0,2687.0
18.0,"$39,139 to $39,984",Male  ,Average,39565.0,3018.0,41993.0,2345.0,5032.0,69432.0,46987.0,28240.0,14871.0,9608.0,11933.0,3601.0,1904.0,-3636.0,8161.0,533.0,18729.0
18.0,"$39,139 to $39,984",Male  ,Median,39569.0,3331.0,40193.0,580.0,2404.0,46437.0,17072.0,23834.0,10128.0,8906.0,6144.0,3296.0,1944.0,-2798.0,1354.0,90.0,2145.0
19.0,"$39,985 to $40,821",Female,Average,40399.0,3177.0,42288.0,1844.0,3828.0,42475.0,25127.0,24295.0,11248.0,8289.0,6554.0,3757.0,1707.0,-3166.0,8131.0,550.0,18175.0
19.0,"$39,985 to $40,821",Female,Median,40399.0,3499.0,41095.0,650.0,1262.0,25910.0,7728.0,20144.0,8035.0,8046.0,4749.0,3367.0,1539.0,-2384.0,1686.0,113.0,3065.0
19.0,"$39,985 to $40,821",Male  ,Average,40395.0,3170.0,42840.0,2336.0,4341.0,71003.0,48642.0,28089.0,15295.0,9357.0,9766.0,3757.0,2036.0,-3721.0,8340.0,574.0,18317.0
19.0,"$39,985 to $40,821",Male  ,Median,40394.0,3484.0,41030.0,575.0,2259.0,47237.0,17412.0,23672.0,10077.0,8613.0,5496.0,3367.0,2089.0,-2859.0,1327.0,94.0,2091.0
20.0,"$40,822 to $41,660",Female,Average,41242.0,3348.0,43219.0,1929.0,3577.0,44202.0,28065.0,24300.0,11546.0,8431.0,6538.0,3792.0,1747.0,-3229.0,8580.0,627.0,19039.0
20.0,"$40,822 to $41,660",Female,Median,41244.0,3658.0,41979.0,705.0,1185.0,22948.0,7654.0,19924.0,7981.0,7864.0,5116.0,3367.0,1520.0,-2436.0,1793.0,123.0,3117.0
20.0,"$40,822 to $41,660",Male  ,Average,41240.0,3329.0,43929.0,2601.0,4740.0,82288.0,60192.0,28193.0,15870.0,9666.0,9217.0,3622.0,2077.0,-3817.0,8050.0,622.0,17210.0
20.0,"$40,822 to $41,660",Male  ,Median,41239.0,3644.0,41916.0,620.0,2100.0,47828.0,17137.0,23708.0,10114.0,8885.0,4698.0,2280.0,2166.0,-2915.0,1340.0,98.0,2101.0
21.0,"$41,661 to $42,498",Female,Average,42082.0,3517.0,44079.0,1950.0,3767.0,46915.0,30489.0,24574.0,11065.0,8356.0,6120.0,3713.0,1825.0,-3271.0,8899.0,646.0,18825.0
21.0,"$41,661 to $42,498",Female,Median,42083.0,3815.0,42833.0,717.0,1336.0,22937.0,7250.0,20135.0,7706.0,7996.0,4506.0,3367.0,1586.0,-2488.0,1712.0,131.0,2788.0
21.0,"$41,661 to $42,498",Male  ,Average,42081.0,3492.0,44644.0,2462.0,4578.0,87372.0,65425.0,28416.0,14093.0,9537.0,10038.0,3690.0,2141.0,-3805.0,8166.0,612.0,20981.0
21.0,"$41,661 to $42,498",Male  ,Median,42081.0,3802.0,42776.0,645.0,2174.0,47586.0,17061.0,24227.0,8754.0,8795.0,4996.0,3367.0,2265.0,-2949.0,1306.0,103.0,2050.0
22.0,"$42,499 to $43,325",Female,Average,42913.0,3694.0,44928.0,1979.0,3719.0,42117.0,24611.0,24222.0,11415.0,8477.0,6385.0,3731.0,1908.0,-3338.0,8440.0,659.0,19124.0
22.0,"$42,499 to $43,325",Female,Median,42912.0,3970.0,43676.0,732.0,1233.0,24823.0,7551.0,19826.0,7983.0,7922.0,4673.0,3367.0,1709.0,-2558.0,1753.0,133.0,2887.0
22.0,"$42,499 to $43,325",Male  ,Average,42913.0,3650.0,45555.0,2536.0,4198.0,73362.0,50814.0,28599.0,14632.0,9661.0,11453.0,3708.0,2207.0,-3876.0,8351.0,627.0,19727.0
22.0,"$42,499 to $43,325",Male  ,Median,42913.0,3958.0,43640.0,686.0,2192.0,47150.0,16391.0,23704.0,9449.0,9155.0,5473.0,3367.0,2364.0,-3030.0,1221.0,96.0,2106.0
23.0,"$43,326 to $44,135",Female,Average,43734.0,3856.0,45784.0,2016.0,3716.0,46338.0,29340.0,24069.0,10965.0,8742.0,5761.0,3676.0,1993.0,-3396.0,8763.0,692.0,17997.0
23.0,"$43,326 to $44,135",Female,Median,43735.0,4124.0,44506.0,745.0,1247.0,23620.0,7118.0,19593.0,7182.0,8113.0,4494.0,3367.0,1807.0,-2601.0,1712.0,139.0,2833.0
23.0,"$43,326 to $44,135",Male  ,Average,43735.0,3809.0,46357.0,2529.0,4291.0,75120.0,52468.0,28626.0,13802.0,9773.0,10344.0,3778.0,2311.0,-3955.0,8462.0,666.0,20422.0
23.0,"$43,326 to $44,135",Male  ,Median,43737.0,4113.0,44455.0,680.0,2142.0,48043.0,16413.0,24181.0,9123.0,8906.0,5139.0,3377.0,2480.0,-3063.0,1269.0,102.0,2000.0
24.0,"$44,136 to $44,881",Female,Average,44516.0,4016.0,46691.0,2147.0,3648.0,45435.0,28482.0,23874.0,11077.0,9226.0,6650.0,3770.0,2161.0,-3527.0,9114.0,721.0,21352.0
24.0,"$44,136 to $44,881",Female,Median,44520.0,4270.0,45252.0,720.0,1307.0,24900.0,7533.0,19607.0,7399.0,8601.0,5133.0,3386.0,2048.0,-2666.0,1875.0,155.0,3177.0
24.0,"$44,136 to $44,881",Male  ,Average,44520.0,3961.0,47275.0,2633.0,4204.0,71153.0,47780.0,27628.0,14519.0,9626.0,12034.0,3790.0,2445.0,-4045.0,9478.0,734.0,22743.0
24.0,"$44,136 to $44,881",Male  ,Median,44527.0,4262.0,45160.0,624.0,2078.0,49178.0,16727.0,22831.0,10509.0,9059.0,5499.0,3385.0,2620.0,-3093.0,1393.0,114.0,2167.0
25.0,"$44,882 to $45,572",Female,Average,45208.0,4170.0,47540.0,2273.0,3529.0,54758.0,37206.0,23878.0,11288.0,9025.0,5907.0,3707.0,2369.0,-3643.0,9530.0,809.0,22269.0
25.0,"$44,882 to $45,572",Female,Median,45196.0,4401.0,45933.0,693.0,1338.0,26850.0,7673.0,19546.0,7955.0,8238.0,4608.0,3367.0,2405.0,-2724.0,1868.0,162.0,3021.0
25.0,"$44,882 to $45,572",Male  ,Average,45200.0,4111.0,48085.0,2783.0,3637.0,77048.0,54959.0,28122.0,16354.0,9520.0,10276.0,3822.0,2635.0,-4228.0,9034.0,764.0,25313.0
25.0,"$44,882 to $45,572",Male  ,Median,45183.0,4392.0,45858.0,605.0,1944.0,48517.0,17031.0,23427.0,11572.0,8802.0,5651.0,3386.0,2888.0,-3197.0,1318.0,113.0,2250.0
26.0,"$45,573 to $46,363",Female,Average,45965.0,4396.0,48113.0,2101.0,3511.0,44076.0,26431.0,24268.0,11166.0,8477.0,6007.0,3633.0,2181.0,-3512.0,8799.0,743.0,17726.0
26.0,"$45,573 to $46,363",Female,Median,45965.0,4618.0,46789.0,799.0,1320.0,23263.0,7404.0,19904.0,7599.0,7933.0,4488.0,3356.0,1916.0,-2713.0,1523.0,134.0,2597.0
26.0,"$45,573 to $46,363",Male  ,Average,45967.0,4317.0,48674.0,2650.0,4006.0,75383.0,51795.0,28058.0,14361.0,9528.0,8636.0,3632.0,2488.0,-4037.0,8857.0,752.0,18831.0
26.0,"$45,573 to $46,363",Male  ,Median,45966.0,4603.0,46743.0,732.0,1796.0,50175.0,16770.0,23105.0,11284.0,8818.0,4759.0,3367.0,2657.0,-3138.0,1261.0,111.0,1970.0
27.0,"$46,364 to $47,151",Female,Average,46756.0,4636.0,48855.0,2073.0,3335.0,44294.0,26303.0,24021.0,12020.0,8570.0,6298.0,3768.0,2253.0,-3499.0,8673.0,770.0,18590.0
27.0,"$46,364 to $47,151",Female,Median,46758.0,4846.0,47600.0,823.0,1135.0,22811.0,7516.0,19670.0,7983.0,7909.0,4899.0,3367.0,1898.0,-2703.0,1542.0,141.0,2603.0
27.0,"$46,364 to $47,151",Male  ,Average,46758.0,4544.0,49366.0,2550.0,4125.0,68988.0,45633.0,28189.0,14737.0,9631.0,9431.0,3775.0,2574.0,-3993.0,8656.0,754.0,18618.0
27.0,"$46,364 to $47,151",Male  ,Median,46758.0,4830.0,47529.0,733.0,1798.0,49362.0,16439.0,23741.0,10783.0,9155.0,4447.0,3367.0,2653.0,-3123.0,1298.0,117.0,2003.0
28.0,"$47,152 to $47,969",Female,Average,47560.0,4871.0,49713.0,2117.0,3164.0,45589.0,26764.0,24216.0,11675.0,8425.0,5953.0,3753.0,2264.0,-3434.0,8737.0,824.0,18890.0
28.0,"$47,152 to $47,969",Female,Median,47561.0,5074.0,48441.0,861.0,1084.0,24359.0,7721.0,19960.0,8010.0,8125.0,4628.0,3367.0,1793.0,-2646.0,1590.0,154.0,2789.0
28.0,"$47,152 to $47,969",Male  ,Average,47562.0,4767.0,50286.0,2624.0,3896.0,73369.0,48687.0,28313.0,15041.0,9604.0,9548.0,3528.0,2651.0,-3918.0,8706.0,792.0,19878.0
28.0,"$47,152 to $47,969",Male  ,Median,47562.0,5061.0,48399.0,800.0,1816.0,49786.0,15890.0,23101.0,10951.0,9100.0,4450.0,2280.0,2656.0,-3032.0,1195.0,114.0,1745.0
29.0,"$47,970 to $48,783",Female,Average,48374.0,5145.0,50559.0,2149.0,3589.0,46913.0,28268.0,24345.0,11530.0,8507.0,5814.0,3536.0,2363.0,-3408.0,8501.0,858.0,21278.0
29.0,"$47,970 to $48,783",Female,Median,48374.0,5327.0,49281.0,888.0,1049.0,23126.0,7568.0,19712.0,8246.0,7914.0,4151.0,2291.0,1876.0,-2629.0,1469.0,146.0,2528.0
29.0,"$47,970 to $48,783",Male  ,Average,48374.0,5024.0,51130.0,2669.0,3578.0,74537.0,50454.0,28667.0,12552.0,9524.0,11465.0,3649.0,2775.0,-3900.0,9145.0,863.0,19367.0
29.0,"$47,970 to $48,783",Male  ,Median,48376.0,5307.0,49245.0,837.0,1619.0,48601.0,16173.0,24333.0,8506.0,8857.0,4925.0,2284.0,2763.0,-3027.0,1178.0,117.0,1825.0
30.0,"$48,784 to $49,598",Female,Average,49190.0,5447.0,51361.0,2145.0,3342.0,44712.0,26380.0,24258.0,12541.0,8594.0,6412.0,3695.0,2405.0,-3355.0,9161.0,944.0,18409.0
30.0,"$48,784 to $49,598",Female,Median,49190.0,5624.0,50109.0,904.0,1130.0,22375.0,7714.0,20139.0,8208.0,8073.0,4563.0,3374.0,1860.0,-2574.0,1603.0,167.0,2695.0
30.0,"$48,784 to $49,598",Male  ,Average,49192.0,5314.0,51933.0,2657.0,3879.0,70613.0,45523.0,28102.0,14676.0,9488.0,11131.0,3653.0,2826.0,-3833.0,8777.0,841.0,21048.0
30.0,"$48,784 to $49,598",Male  ,Median,49192.0,5607.0,50072.0,854.0,1719.0,50406.0,16249.0,23769.0,9062.0,8833.0,5408.0,3386.0,2687.0,-2967.0,1071.0,109.0,1716.0
31.0,"$49,599 to $50,406",Female,Average,50001.0,5753.0,52180.0,2148.0,2901.0,47975.0,29250.0,24523.0,11349.0,8215.0,5733.0,3655.0,2556.0,-3337.0,9452.0,984.0,19335.0
31.0,"$49,599 to $50,406",Female,Median,50000.0,5922.0,50926.0,906.0,745.0,23206.0,7499.0,20041.0,7566.0,7608.0,4282.0,3367.0,1945.0,-2537.0,1607.0,175.0,2618.0
31.0,"$49,599 to $50,406",Male  ,Average,50001.0,5612.0,52625.0,2545.0,3402.0,74278.0,49133.0,28271.0,13450.0,9570.0,10239.0,3807.0,3092.0,-3783.0,9051.0,956.0,19693.0
31.0,"$49,599 to $50,406",Male  ,Median,50000.0,5901.0,50843.0,814.0,1441.0,50574.0,15966.0,23643.0,8495.0,9275.0,4524.0,3386.0,3033.0,-2913.0,1187.0,126.0,1833.0
32.0,"$50,407 to $51,229",Female,Average,50819.0,6055.0,53041.0,2176.0,2914.0,49085.0,30034.0,24320.0,10998.0,8667.0,6035.0,3608.0,2524.0,-3320.0,9073.0,990.0,19085.0
32.0,"$50,407 to $51,229",Female,Median,50817.0,6214.0,51794.0,951.0,947.0,22900.0,7602.0,19914.0,7439.0,8233.0,4601.0,3148.0,1870.0,-2516.0,1568.0,180.0,2542.0
32.0,"$50,407 to $51,229",Male  ,Average,50817.0,5901.0,53545.0,2644.0,3702.0,359069.0,343347.0,29077.0,16403.0,9431.0,10276.0,3495.0,3075.0,-3731.0,8350.0,899.0,18008.0
32.0,"$50,407 to $51,229",Male  ,Median,50816.0,6196.0,51748.0,892.0,1647.0,50616.0,15531.0,24585.0,11930.0,8851.0,4789.0,2280.0,2779.0,-2870.0,1055.0,118.0,1659.0
33.0,"$51,230 to $52,056",Female,Average,51641.0,6358.0,53853.0,2182.0,2837.0,46551.0,26487.0,24586.0,10829.0,7844.0,5756.0,3663.0,2590.0,-3288.0,9116.0,1017.0,18536.0
33.0,"$51,230 to $52,056",Female,Median,51637.0,6512.0,52619.0,962.0,814.0,23050.0,7292.0,20067.0,7611.0,7371.0,4147.0,3367.0,1937.0,-2481.0,1463.0,170.0,2346.0
33.0,"$51,230 to $52,056",Male  ,Average,51645.0,6190.0,54352.0,2625.0,3440.0,126117.0,104342.0,28474.0,12951.0,9536.0,9277.0,3821.0,3196.0,-3730.0,8456.0,953.0,18482.0
33.0,"$51,230 to $52,056",Male  ,Median,51648.0,6495.0,52576.0,900.0,1336.0,47850.0,15468.0,23513.0,9042.0,9268.0,4708.0,3386.0,2866.0,-2818.0,1023.0,116.0,1627.0
34.0,"$52,057 to $52,893",Female,Average,52474.0,6663.0,54692.0,2184.0,2962.0,50698.0,31974.0,24606.0,11920.0,8081.0,5941.0,3583.0,2654.0,-3242.0,9089.0,1084.0,18864.0
34.0,"$52,057 to $52,893",Female,Median,52474.0,6815.0,53482.0,986.0,880.0,20683.0,7675.0,20438.0,7905.0,7683.0,3980.0,3328.0,1963.0,-2445.0,1500.0,182.0,2527.0
34.0,"$52,057 to $52,893",Male  ,Average,52476.0,6501.0,55272.0,2735.0,3237.0,83639.0,59124.0,28459.0,15852.0,9454.0,9403.0,3621.0,3264.0,-3666.0,8751.0,1008.0,16846.0
34.0,"$52,057 to $52,893",Male  ,Median,52476.0,6796.0,53479.0,976.0,1325.0,47130.0,15549.0,24242.0,11815.0,8945.0,4158.0,2280.0,2853.0,-2801.0,1028.0,120.0,1584.0
35.0,"$52,894 to $53,732",Female,Average,53313.0,6981.0,55524.0,2180.0,2685.0,47325.0,28136.0,24554.0,11350.0,8662.0,5509.0,3699.0,2788.0,-3235.0,8991.0,1132.0,17839.0
35.0,"$52,894 to $53,732",Female,Median,53314.0,7122.0,54348.0,1012.0,857.0,20942.0,7529.0,20071.0,7344.0,8785.0,4181.0,3367.0,2061.0,-2434.0,1540.0,188.0,2367.0
35.0,"$52,894 to $53,732",Male  ,Average,53316.0,6813.0,56075.0,2701.0,3200.0,71440.0,46639.0,28517.0,15642.0,9376.0,9131.0,3619.0,3318.0,-3647.0,8535.0,1044.0,18984.0
35.0,"$52,894 to $53,732",Male  ,Median,53320.0,7102.0,54333.0,988.0,1327.0,47425.0,15659.0,24460.0,11543.0,9046.0,4453.0,3374.0,2830.0,-2776.0,1008.0,123.0,1547.0
36.0,"$53,733 to $54,570",Female,Average,54150.0,7281.0,56457.0,2265.0,2747.0,45682.0,26792.0,24428.0,11786.0,7741.0,5508.0,3642.0,2825.0,-3191.0,9465.0,1169.0,19575.0
36.0,"$53,733 to $54,570",Female,Median,54151.0,7425.0,55213.0,1045.0,713.0,19401.0,7021.0,20033.0,7687.0,6653.0,4333.0,3386.0,2079.0,-2403.0,1557.0,197.0,2633.0
36.0,"$53,733 to $54,570",Male  ,Average,54152.0,7113.0,56990.0,2759.0,2891.0,73530.0,48453.0,29028.0,14819.0,9322.0,10218.0,3584.0,3455.0,-3574.0,9356.0,1145.0,19373.0
36.0,"$53,733 to $54,570",Male  ,Median,54150.0,7405.0,55184.0,1000.0,1186.0,44946.0,14788.0,24931.0,10534.0,8818.0,4818.0,2287.0,2964.0,-2720.0,1139.0,143.0,1733.0
37.0,"$54,571 to $55,418",Female,Average,54994.0,7590.0,57347.0,2314.0,2901.0,45966.0,25930.0,24965.0,10950.0,8294.0,5145.0,3680.0,2971.0,-3137.0,9303.0,1182.0,19014.0
37.0,"$54,571 to $55,418",Female,Median,54996.0,7728.0,56082.0,1064.0,933.0,21733.0,7590.0,20645.0,7452.0,7420.0,3896.0,3386.0,2136.0,-2323.0,1364.0,181.0,2205.0
37.0,"$54,571 to $55,418",Male  ,Average,54995.0,7419.0,57761.0,2709.0,3198.0,71607.0,45835.0,29088.0,14797.0,9142.0,8902.0,3695.0,3699.0,-3523.0,8444.0,1084.0,18081.0
37.0,"$54,571 to $55,418",Male  ,Median,54996.0,7708.0,56025.0,1000.0,1247.0,46530.0,15031.0,24411.0,9131.0,8523.0,4649.0,3386.0,3219.0,-2612.0,960.0,125.0,1488.0
38.0,"$55,419 to $56,286",Female,Average,55850.0,7907.0,58223.0,2320.0,2718.0,50937.0,30833.0,25347.0,12524.0,8854.0,6113.0,3663.0,2996.0,-3136.0,9281.0,1238.0,19635.0
38.0,"$55,419 to $56,286",Female,Median,55849.0,8037.0,56984.0,1114.0,813.0,20123.0,6828.0,20955.0,9062.0,8640.0,4102.0,3386.0,2188.0,-2326.0,1402.0,195.0,2342.0
38.0,"$55,419 to $56,286",Male  ,Average,55853.0,7735.0,58723.0,2820.0,2995.0,75105.0,50385.0,29152.0,13382.0,9017.0,11271.0,3580.0,3621.0,-3506.0,8494.0,1088.0,18436.0
38.0,"$55,419 to $56,286",Male  ,Median,55852.0,8019.0,56963.0,1074.0,1182.0,43438.0,14750.0,25008.0,8973.0,8377.0,4472.0,3371.0,3043.0,-2626.0,939.0,126.0,1513.0
39.0,"$56,287 to $57,156",Female,Average,56720.0,8223.0,59096.0,2342.0,2590.0,49931.0,29457.0,25330.0,11687.0,8072.0,5791.0,3619.0,3048.0,-3110.0,9604.0,1263.0,19333.0
39.0,"$56,287 to $57,156",Female,Median,56721.0,8353.0,57867.0,1126.0,757.0,20887.0,7265.0,20740.0,7983.0,7320.0,4160.0,3375.0,2192.0,-2321.0,1380.0,191.0,2338.0
39.0,"$56,287 to $57,156",Male  ,Average,56720.0,8054.0,59597.0,2812.0,2376.0,84841.0,59606.0,29365.0,13015.0,9308.0,8111.0,3625.0,3712.0,-3484.0,7969.0,1093.0,17561.0
39.0,"$56,287 to $57,156",Male  ,Median,56720.0,8334.0,57872.0,1124.0,973.0,44363.0,15000.0,25418.0,8921.0,8831.0,4606.0,3386.0,3102.0,-2627.0,879.0,123.0,1479.0
40.0,"$57,157 to $58,043",Female,Average,57598.0,8539.0,60025.0,2391.0,2625.0,55042.0,34459.0,25707.0,11601.0,7892.0,5656.0,3624.0,3129.0,-3111.0,9728.0,1335.0,20611.0
40.0,"$57,157 to $58,043",Female,Median,57595.0,8670.0,58780.0,1161.0,714.0,20875.0,7514.0,21138.0,7930.0,6694.0,4213.0,3367.0,2264.0,-2292.0,1406.0,201.0,2283.0
40.0,"$57,157 to $58,043",Male  ,Average,57599.0,8381.0,60517.0,2859.0,2711.0,75379.0,50136.0,29446.0,14151.0,9077.0,8673.0,3522.0,3803.0,-3444.0,8158.0,1108.0,18134.0
40.0,"$57,157 to $58,043",Male  ,Median,57596.0,8652.0,58782.0,1149.0,917.0,43666.0,14742.0,25675.0,9785.0,8766.0,4228.0,3367.0,3112.0,-2547.0,931.0,132.0,1537.0
41.0,"$58,044 to $58,937",Female,Average,58487.0,8867.0,60945.0,2426.0,2566.0,46946.0,26370.0,25589.0,10286.0,8291.0,5492.0,3578.0,3150.0,-3075.0,9541.0,1335.0,19044.0
41.0,"$58,044 to $58,937",Female,Median,58486.0,8993.0,59711.0,1201.0,768.0,19830.0,7144.0,21090.0,7573.0,8406.0,4045.0,3367.0,2203.0,-2271.0,1325.0,198.0,2211.0
41.0,"$58,044 to $58,937",Male  ,Average,58490.0,8708.0,61426.0,2886.0,2379.0,74094.0,48416.0,29042.0,13751.0,9274.0,10516.0,3535.0,3856.0,-3387.0,8651.0,1181.0,18881.0
41.0,"$58,044 to $58,937",Male  ,Median,58489.0,8975.0,59706.0,1190.0,942.0,41345.0,14768.0,25029.0,9318.0,8967.0,4925.0,3357.0,3110.0,-2503.0,988.0,144.0,1553.0
42.0,"$58,938 to $59,840",Female,Average,59388.0,9192.0,61843.0,2409.0,2945.0,48504.0,27301.0,25668.0,10816.0,8711.0,5446.0,3633.0,3288.0,-3064.0,9620.0,1376.0,19764.0
42.0,"$58,938 to $59,840",Female,Median,59387.0,9318.0,60595.0,1191.0,943.0,20635.0,7149.0,21243.0,7729.0,8576.0,4121.0,3386.0,2245.0,-2259.0,1284.0,189.0,2166.0
42.0,"$58,938 to $59,840",Male  ,Average,59391.0,9047.0,62366.0,2893.0,2497.0,75576.0,50011.0,29313.0,15826.0,8888.0,10877.0,3460.0,3958.0,-3374.0,8743.0,1236.0,19696.0
42.0,"$58,938 to $59,840",Male  ,Median,59392.0,9301.0,60588.0,1173.0,765.0,40579.0,14742.0,25267.0,10820.0,8726.0,3909.0,2603.0,3137.0,-2484.0,1014.0,149.0,1626.0
43.0,"$59,841 to $60,746",Female,Average,60289.0,9523.0,62798.0,2466.0,2371.0,51827.0,30636.0,26055.0,11611.0,7858.0,5267.0,3550.0,3470.0,-3069.0,10753.0,1564.0,23527.0
43.0,"$59,841 to $60,746",Female,Median,60288.0,9643.0,61529.0,1220.0,695.0,20210.0,6966.0,21529.0,8005.0,7270.0,4059.0,3386.0,2426.0,-2245.0,1474.0,226.0,2468.0
43.0,"$59,841 to $60,746",Male  ,Average,60287.0,9362.0,63241.0,2888.0,2486.0,83168.0,57583.0,29479.0,14462.0,9141.0,10090.0,3633.0,4215.0,-3370.0,8575.0,1259.0,21400.0
43.0,"$59,841 to $60,746",Male  ,Median,60285.0,9622.0,61508.0,1185.0,888.0,41453.0,13837.0,25854.0,10347.0,8942.0,4938.0,3367.0,3428.0,-2476.0,887.0,135.0,1347.0
44.0,"$60,747 to $61,682",Female,Average,61211.0,9851.0,63759.0,2524.0,2421.0,50906.0,30014.0,26433.0,12531.0,7746.0,5154.0,3708.0,3316.0,-3069.0,9851.0,1428.0,21227.0
44.0,"$60,747 to $61,682",Female,Median,61210.0,9975.0,62503.0,1278.0,656.0,19656.0,7312.0,21835.0,8210.0,6884.0,4198.0,3386.0,2149.0,-2240.0,1198.0,189.0,1994.0
44.0,"$60,747 to $61,682",Male  ,Average,61211.0,9700.0,64202.0,2939.0,2426.0,76495.0,50543.0,29660.0,13986.0,9131.0,14108.0,3626.0,4043.0,-3331.0,8696.0,1271.0,21399.0
44.0,"$60,747 to $61,682",Male  ,Median,61210.0,9957.0,62501.0,1260.0,847.0,39950.0,14039.0,25852.0,10344.0,8663.0,4291.0,3386.0,3006.0,-2442.0,975.0,150.0,1529.0
45.0,"$61,683 to $62,631",Female,Average,62155.0,10195.0,64789.0,2561.0,2493.0,52566.0,31534.0,26050.0,11757.0,7295.0,5656.0,3580.0,3358.0,-3059.0,10218.0,1494.0,21637.0
45.0,"$61,683 to $62,631",Female,Median,62155.0,10316.0,63465.0,1283.0,761.0,19527.0,7005.0,21755.0,7753.0,7332.0,4240.0,3382.0,2183.0,-2220.0,1310.0,212.0,2213.0
45.0,"$61,683 to $62,631",Male  ,Average,62157.0,10047.0,65167.0,2953.0,2524.0,76397.0,51202.0,30296.0,13467.0,8917.0,10767.0,3730.0,4058.0,-3339.0,8491.0,1268.0,21635.0
45.0,"$61,683 to $62,631",Male  ,Median,62159.0,10299.0,63461.0,1273.0,776.0,36990.0,13909.0,26994.0,8836.0,8590.0,3863.0,3386.0,2976.0,-2437.0,981.0,156.0,1528.0
46.0,"$62,632 to $63,600",Female,Average,63113.0,10544.0,65720.0,2567.0,2418.0,49260.0,27393.0,27101.0,11460.0,7697.0,5032.0,3632.0,3448.0,-3062.0,10035.0,1567.0,20513.0
46.0,"$62,632 to $63,600",Female,Median,63111.0,10661.0,64474.0,1342.0,685.0,20402.0,7182.0,22549.0,7251.0,6366.0,3732.0,3386.0,2185.0,-2236.0,1224.0,198.0,2150.0
46.0,"$62,632 to $63,600",Male  ,Average,63114.0,10395.0,66250.0,3029.0,2272.0,75748.0,49702.0,30132.0,15032.0,8895.0,8385.0,3538.0,4115.0,-3326.0,9373.0,1448.0,19585.0
46.0,"$62,632 to $63,600",Male  ,Median,63113.0,10645.0,64473.0,1333.0,732.0,37910.0,14189.0,26763.0,10696.0,8527.0,4375.0,2294.0,2877.0,-2432.0,956.0,154.0,1453.0
47.0,"$63,601 to $64,582",Female,Average,64092.0,10890.0,66724.0,2597.0,2333.0,56125.0,34311.0,26651.0,11722.0,8347.0,5482.0,3594.0,3474.0,-3068.0,10200.0,1588.0,20487.0
47.0,"$63,601 to $64,582",Female,Median,64091.0,11013.0,65454.0,1346.0,629.0,20220.0,7477.0,22540.0,8808.0,7825.0,4062.0,3386.0,2208.0,-2239.0,1323.0,217.0,2107.0
47.0,"$63,601 to $64,582",Male  ,Average,64092.0,10755.0,67181.0,3025.0,2370.0,78209.0,52141.0,30157.0,12857.0,8846.0,10097.0,3553.0,4180.0,-3290.0,8501.0,1313.0,17760.0
47.0,"$63,601 to $64,582",Male  ,Median,64091.0,10997.0,65469.0,1348.0,870.0,35083.0,13414.0,26788.0,9065.0,8519.0,4161.0,3367.0,2965.0,-2394.0,899.0,146.0,1494.0
48.0,"$64,583 to $65,581",Female,Average,65079.0,11251.0,67740.0,2644.0,2500.0,54380.0,31967.0,27333.0,11925.0,8027.0,6048.0,3639.0,3627.0,-3043.0,9947.0,1614.0,19913.0
48.0,"$64,583 to $65,581",Female,Median,65076.0,11368.0,66476.0,1378.0,598.0,21226.0,7314.0,22901.0,7380.0,7728.0,4218.0,3386.0,2319.0,-2203.0,1328.0,224.0,2257.0
48.0,"$64,583 to $65,581",Male  ,Average,65079.0,11101.0,68198.0,3061.0,1882.0,91174.0,64921.0,30706.0,13767.0,8876.0,7969.0,3604.0,4346.0,-3280.0,8649.0,1374.0,20728.0
48.0,"$64,583 to $65,581",Male  ,Median,65076.0,11351.0,66459.0,1342.0,639.0,37370.0,13802.0,27345.0,9349.0,8521.0,4177.0,3374.0,3013.0,-2363.0,893.0,151.0,1403.0
49.0,"$65,582 to $66,599",Female,Average,66088.0,11609.0,68818.0,2671.0,2367.0,51797.0,29257.0,27229.0,12759.0,8144.0,5412.0,3527.0,3625.0,-3074.0,10344.0,1716.0,21104.0
49.0,"$65,582 to $66,599",Female,Median,66087.0,11732.0,67524.0,1416.0,636.0,20270.0,7472.0,22896.0,8586.0,7194.0,4069.0,2280.0,2260.0,-2210.0,1380.0,233.0,2175.0
49.0,"$65,582 to $66,599",Male  ,Average,66093.0,11469.0,69248.0,3118.0,1835.0,80556.0,53539.0,30943.0,13385.0,8663.0,8369.0,3516.0,4401.0,-3287.0,9220.0,1488.0,19447.0
49.0,"$65,582 to $66,599",Male  ,Median,66093.0,11717.0,67541.0,1419.0,735.0,37003.0,13630.0,27888.0,9550.0,8216.0,4118.0,3385.0,3032.0,-2380.0,935.0,159.0,1500.0
50.0,"$66,600 to $67,639",Female,Average,67118.0,11979.0,69838.0,2694.0,2355.0,53396.0,31319.0,27251.0,12353.0,7861.0,5148.0,3543.0,3657.0,-3079.0,9998.0,1701.0,19452.0
50.0,"$66,600 to $67,639",Female,Median,67119.0,12098.0,68593.0,1458.0,720.0,19400.0,7162.0,23152.0,8019.0,7417.0,3602.0,3367.0,2199.0,-2221.0,1378.0,242.0,2262.0
50.0,"$66,600 to $67,639",Male  ,Average,67116.0,11838.0,70321.0,3135.0,2056.0,83293.0,57124.0,30389.0,14435.0,8803.0,10014.0,3497.0,4464.0,-3301.0,8686.0,1428.0,18158.0
50.0,"$66,600 to $67,639",Male  ,Median,67115.0,12080.0,68611.0,1466.0,544.0,34326.0,12957.0,27389.0,9583.0,8453.0,3673.0,2285.0,3036.0,-2381.0,903.0,158.0,1438.0
51.0,"$67,640 to $68,695",Female,Average,68168.0,12343.0,70912.0,2717.0,2249.0,49771.0,27283.0,27542.0,12464.0,8679.0,4925.0,3562.0,3849.0,-3069.0,10706.0,1816.0,22460.0
51.0,"$67,640 to $68,695",Female,Median,68169.0,12462.0,69671.0,1484.0,620.0,19891.0,7175.0,23723.0,8255.0,7911.0,4256.0,3386.0,2328.0,-2224.0,1335.0,236.0,2315.0
51.0,"$67,640 to $68,695",Male  ,Average,68168.0,12199.0,71423.0,3215.0,1753.0,85134.0,59007.0,31230.0,14096.0,8678.0,11037.0,3458.0,4576.0,-3309.0,9114.0,1508.0,19433.0
51.0,"$67,640 to $68,695",Male  ,Median,68167.0,12443.0,69710.0,1504.0,545.0,33515.0,13770.0,28434.0,9097.0,8472.0,4208.0,2476.0,3017.0,-2395.0,961.0,166.0,1492.0
52.0,"$68,696 to $69,766",Female,Average,69230.0,12707.0,71979.0,2714.0,2250.0,54279.0,30753.0,27650.0,12140.0,8711.0,5111.0,3679.0,3913.0,-3093.0,10245.0,1780.0,20638.0
52.0,"$68,696 to $69,766",Female,Median,69229.0,12825.0,70714.0,1464.0,461.0,21421.0,7067.0,23875.0,7740.0,8607.0,4014.0,3386.0,2360.0,-2209.0,1190.0,214.0,2069.0
52.0,"$68,696 to $69,766",Male  ,Average,69233.0,12567.0,72545.0,3235.0,1837.0,83031.0,56463.0,30686.0,14622.0,8275.0,9881.0,3565.0,4595.0,-3342.0,9363.0,1565.0,19993.0
52.0,"$68,696 to $69,766",Male  ,Median,69233.0,12810.0,70754.0,1505.0,518.0,35335.0,13491.0,27672.0,10101.0,7923.0,3907.0,2280.0,2931.0,-2383.0,892.0,157.0,1416.0
53.0,"$69,767 to $70,854",Female,Average,70307.0,13067.0,73119.0,2792.0,2370.0,54763.0,30753.0,27815.0,12211.0,6374.0,4982.0,3557.0,4147.0,-3128.0,10526.0,1851.0,19686.0
53.0,"$69,767 to $70,854",Female,Median,70305.0,13196.0,71843.0,1517.0,575.0,19765.0,7059.0,24035.0,7801.0,5065.0,3823.0,3386.0,2534.0,-2237.0,1253.0,229.0,1948.0
53.0,"$69,767 to $70,854",Male  ,Average,70304.0,12938.0,73571.0,3212.0,1645.0,83968.0,55544.0,30830.0,14199.0,8823.0,5678.0,3543.0,4838.0,-3325.0,8888.0,1507.0,19321.0
53.0,"$69,767 to $70,854",Male  ,Median,70299.0,13178.0,71851.0,1511.0,471.0,36174.0,13398.0,27580.0,10402.0,8789.0,3919.0,3386.0,3142.0,-2404.0,900.0,161.0,1419.0
54.0,"$70,855 to $71,970",Female,Average,71411.0,13460.0,74304.0,2852.0,2363.0,53359.0,30820.0,27707.0,12631.0,7777.0,4874.0,3542.0,4153.0,-3159.0,11297.0,2005.0,21923.0
54.0,"$70,855 to $71,970",Female,Median,71409.0,13579.0,72998.0,1553.0,590.0,18658.0,7152.0,24082.0,9243.0,7237.0,2964.0,3386.0,2475.0,-2275.0,1312.0,241.0,2069.0
54.0,"$70,855 to $71,970",Male  ,Average,71411.0,13326.0,75803.0,4327.0,1789.0,99591.0,73105.0,31440.0,13855.0,8585.0,8087.0,3567.0,4881.0,-3613.0,11426.0,1618.0,21585.0
54.0,"$70,855 to $71,970",Male  ,Median,71411.0,13562.0,73030.0,1586.0,468.0,33500.0,14033.0,28527.0,8919.0,8292.0,3715.0,3386.0,3114.0,-2420.0,953.0,174.0,1462.0
55.0,"$71,971 to $73,107",Female,Average,72535.0,13843.0,75621.0,3055.0,2104.0,58719.0,34670.0,28257.0,12078.0,7230.0,4998.0,3541.0,4293.0,-3172.0,11663.0,2010.0,23428.0
55.0,"$71,971 to $73,107",Female,Median,72535.0,13966.0,74128.0,1569.0,716.0,20014.0,7500.0,24689.0,7888.0,7051.0,3894.0,3386.0,2579.0,-2255.0,1230.0,229.0,2005.0
55.0,"$71,971 to $73,107",Male  ,Average,72537.0,13716.0,75983.0,3375.0,1649.0,83376.0,57065.0,31359.0,13876.0,8236.0,6664.0,3445.0,4939.0,-3348.0,9283.0,1668.0,19320.0
55.0,"$71,971 to $73,107",Male  ,Median,72536.0,13951.0,74192.0,1612.0,461.0,32231.0,14120.0,28562.0,10191.0,8002.0,3971.0,2604.0,3100.0,-2414.0,901.0,169.0,1396.0
56.0,"$73,108 to $74,274",Female,Average,73688.0,14244.0,76648.0,2941.0,2376.0,64912.0,39764.0,28406.0,11585.0,6808.0,4864.0,3637.0,4271.0,-3148.0,10551.0,1946.0,21300.0
56.0,"$73,108 to $74,274",Female,Median,73688.0,14363.0,75307.0,1588.0,553.0,22063.0,7720.0,24940.0,8322.0,6483.0,3742.0,3386.0,2473.0,-2238.0,1201.0,229.0,2108.0
56.0,"$73,108 to $74,274",Male  ,Average,73688.0,14122.0,77152.0,3375.0,1733.0,85262.0,57438.0,31018.0,13801.0,8329.0,8869.0,3509.0,4994.0,-3343.0,9420.0,1702.0,18966.0
56.0,"$73,108 to $74,274",Male  ,Median,73687.0,14347.0,75363.0,1631.0,520.0,33161.0,13438.0,28374.0,9178.0,7956.0,3681.0,3385.0,3150.0,-2402.0,879.0,165.0,1471.0
57.0,"$74,275 to $75,456",Female,Average,74864.0,14655.0,77822.0,2936.0,1917.0,60588.0,35866.0,28369.0,12533.0,7388.0,5554.0,3624.0,4516.0,-3186.0,11262.0,2092.0,22930.0
57.0,"$74,275 to $75,456",Female,Median,74865.0,14770.0,76498.0,1590.0,440.0,20181.0,7278.0,24872.0,8332.0,6597.0,3850.0,3386.0,2649.0,-2263.0,1288.0,250.0,2096.0
57.0,"$74,275 to $75,456",Male  ,Average,74865.0,14525.0,78314.0,3396.0,1850.0,100993.0,74118.0,30753.0,15931.0,8027.0,10435.0,3540.0,5159.0,-3378.0,8894.0,1641.0,18179.0
57.0,"$74,275 to $75,456",Male  ,Median,74867.0,14753.0,76580.0,1669.0,430.0,32285.0,13779.0,27835.0,9956.0,7800.0,3569.0,3386.0,3184.0,-2432.0,906.0,172.0,1464.0
58.0,"$75,457 to $76,665",Female,Average,76058.0,15069.0,79027.0,2950.0,2138.0,58326.0,33173.0,28316.0,12544.0,7932.0,5420.0,3684.0,4625.0,-3196.0,12022.0,2252.0,24329.0
58.0,"$75,457 to $76,665",Female,Median,76058.0,15183.0,77714.0,1627.0,512.0,20006.0,7542.0,24917.0,9526.0,7654.0,3691.0,3386.0,2660.0,-2277.0,1213.0,240.0,2042.0
58.0,"$75,457 to $76,665",Male  ,Average,76062.0,14940.0,79599.0,3473.0,1584.0,90623.0,61811.0,30789.0,14932.0,8107.0,9760.0,3586.0,5218.0,-3401.0,9539.0,1751.0,18546.0
58.0,"$75,457 to $76,665",Male  ,Median,76063.0,15166.0,77826.0,1711.0,488.0,35462.0,14069.0,28180.0,11234.0,7919.0,3740.0,3386.0,3150.0,-2447.0,852.0,163.0,1341.0
59.0,"$76,666 to $77,905",Female,Average,77285.0,15484.0,80287.0,2991.0,1987.0,57067.0,31648.0,28143.0,12126.0,7588.0,5020.0,3649.0,4634.0,-3192.0,12472.0,2344.0,25467.0
59.0,"$76,666 to $77,905",Female,Median,77285.0,15605.0,78961.0,1649.0,507.0,20179.0,7740.0,24482.0,8036.0,6586.0,3037.0,3386.0,2679.0,-2259.0,1273.0,249.0,2177.0
59.0,"$76,666 to $77,905",Male  ,Average,77283.0,15361.0,80835.0,3506.0,1682.0,90431.0,61816.0,31167.0,13550.0,8191.0,8946.0,3599.0,5225.0,-3397.0,9419.0,1759.0,19712.0
59.0,"$76,666 to $77,905",Male  ,Median,77280.0,15587.0,79092.0,1773.0,438.0,32042.0,13869.0,28106.0,8950.0,7861.0,3158.0,3374.0,3202.0,-2456.0,933.0,182.0,1482.0
60.0,"$77,906 to $79,163",Female,Average,78533.0,15922.0,81573.0,3022.0,1897.0,60621.0,34361.0,27847.0,12954.0,8588.0,5328.0,3518.0,4749.0,-3242.0,11864.0,2307.0,24678.0
60.0,"$77,906 to $79,163",Female,Median,78533.0,16036.0,80223.0,1661.0,364.0,21173.0,7621.0,24056.0,9475.0,8643.0,3247.0,3386.0,2754.0,-2274.0,1315.0,264.0,2115.0
60.0,"$77,906 to $79,163",Male  ,Average,78534.0,15803.0,82103.0,3527.0,1615.0,88477.0,60589.0,31000.0,13743.0,7764.0,8663.0,3382.0,5424.0,-3425.0,9354.0,1796.0,19972.0
60.0,"$77,906 to $79,163",Male  ,Median,78535.0,16020.0,80349.0,1778.0,379.0,31451.0,13986.0,28064.0,9398.0,7304.0,3195.0,2280.0,3274.0,-2439.0,975.0,193.0,1527.0
61.0,"$79,164 to $80,425",Female,Average,79794.0,16362.0,82911.0,3087.0,2217.0,62970.0,37942.0,27580.0,10943.0,7852.0,6036.0,3424.0,5198.0,-3284.0,12491.0,2424.0,23802.0
61.0,"$79,164 to $80,425",Female,Median,79794.0,16471.0,81527.0,1689.0,460.0,19439.0,7497.0,23655.0,7245.0,6902.0,4003.0,3386.0,2975.0,-2304.0,1196.0,243.0,2007.0
61.0,"$79,164 to $80,425",Male  ,Average,79793.0,16245.0,83388.0,3538.0,1436.0,94627.0,65415.0,30577.0,13478.0,7952.0,5965.0,3334.0,5824.0,-3432.0,9582.0,1887.0,18904.0
61.0,"$79,164 to $80,425",Male  ,Median,79795.0,16457.0,81590.0,1749.0,373.0,32512.0,14012.0,27183.0,8622.0,7431.0,2826.0,3367.0,3550.0,-2449.0,900.0,183.0,1426.0
62.0,"$80,426 to $81,749",Female,Average,81083.0,16799.0,84248.0,3125.0,2156.0,62629.0,34925.0,27202.0,12805.0,6138.0,3983.0,3324.0,5059.0,-3316.0,11991.0,2373.0,26125.0
62.0,"$80,426 to $81,749",Female,Median,81080.0,16914.0,82840.0,1715.0,418.0,20922.0,7555.0,23242.0,9968.0,4594.0,3227.0,2280.0,2936.0,-2332.0,1250.0,255.0,2232.0
62.0,"$80,426 to $81,749",Male  ,Average,81082.0,16689.0,84741.0,3618.0,1397.0,93172.0,64551.0,30253.0,12723.0,7871.0,7684.0,3291.0,5638.0,-3449.0,9421.0,1878.0,19427.0
62.0,"$80,426 to $81,749",Male  ,Median,81080.0,16899.0,82973.0,1836.0,362.0,30848.0,13300.0,27163.0,9014.0,7482.0,3203.0,2280.0,3427.0,-2474.0,977.0,196.0,1500.0
63.0,"$81,750 to $83,119",Female,Average,82433.0,17267.0,85666.0,3194.0,1988.0,62724.0,35826.0,27192.0,12647.0,7826.0,5853.0,3284.0,5181.0,-3328.0,12230.0,2462.0,24384.0
63.0,"$81,750 to $83,119",Female,Median,82432.0,17382.0,84246.0,1766.0,431.0,20044.0,7589.0,22781.0,8921.0,7565.0,3637.0,2280.0,3010.0,-2307.0,1289.0,269.0,2114.0
63.0,"$81,750 to $83,119",Male  ,Average,82433.0,17155.0,86233.0,3758.0,1522.0,90177.0,61041.0,30240.0,13890.0,7774.0,8758.0,3230.0,5790.0,-3505.0,9592.0,1888.0,21516.0
63.0,"$81,750 to $83,119",Male  ,Median,82432.0,17364.0,84369.0,1886.0,331.0,31735.0,13599.0,26579.0,10096.0,7321.0,3231.0,2280.0,3499.0,-2467.0,948.0,195.0,1482.0
64.0,"$83,120 to $84,519",Female,Average,83818.0,17750.0,87121.0,3272.0,2017.0,67669.0,40677.0,27380.0,12284.0,9245.0,4132.0,3309.0,5403.0,-3385.0,12702.0,2552.0,25635.0
64.0,"$83,120 to $84,519",Female,Median,83816.0,17859.0,85651.0,1788.0,454.0,21621.0,7759.0,22750.0,9134.0,8590.0,3086.0,2280.0,3096.0,-2337.0,1263.0,266.0,2119.0
64.0,"$83,120 to $84,519",Male  ,Average,83816.0,17640.0,87823.0,3954.0,1250.0,95475.0,65699.0,29870.0,13372.0,7727.0,9955.0,3276.0,5846.0,-3525.0,11941.0,1990.0,23835.0
64.0,"$83,120 to $84,519",Male  ,Median,83813.0,17842.0,85792.0,1929.0,330.0,31424.0,13784.0,25965.0,9609.0,6921.0,3275.0,2280.0,3365.0,-2502.0,1000.0,210.0,1569.0
65.0,"$84,520 to $85,952",Female,Average,85232.0,18228.0,88529.0,3243.0,2050.0,71613.0,44909.0,26705.0,12963.0,7691.0,4476.0,3343.0,5605.0,-3387.0,13192.0,2674.0,25821.0
65.0,"$84,520 to $85,952",Female,Median,85226.0,18344.0,87085.0,1806.0,420.0,19576.0,7388.0,21895.0,8789.0,6381.0,3351.0,3093.0,3265.0,-2373.0,1387.0,292.0,2318.0
65.0,"$84,520 to $85,952",Male  ,Average,85232.0,18131.0,89039.0,3744.0,1246.0,93930.0,63578.0,30313.0,11709.0,7848.0,11177.0,3258.0,6156.0,-3538.0,9794.0,2004.0,19143.0
65.0,"$84,520 to $85,952",Male  ,Median,85229.0,18330.0,87219.0,1934.0,307.0,31110.0,13796.0,26087.0,8399.0,7460.0,4235.0,2280.0,3742.0,-2523.0,993.0,210.0,1572.0
66.0,"$85,953 to $87,415",Female,Average,86679.0,18747.0,90096.0,3395.0,2041.0,63979.0,34889.0,26478.0,12222.0,7984.0,3850.0,3260.0,5698.0,-3417.0,13289.0,2742.0,26497.0
66.0,"$85,953 to $87,415",Female,Median,86677.0,18849.0,88590.0,1855.0,405.0,21870.0,7737.0,21423.0,8078.0,6470.0,2989.0,2280.0,3261.0,-2370.0,1329.0,279.0,2181.0
66.0,"$85,953 to $87,415",Male  ,Average,86683.0,18630.0,90630.0,3884.0,1379.0,126049.0,95361.0,30018.0,13562.0,7804.0,7491.0,3226.0,6312.0,-3576.0,10335.0,2110.0,19080.0
66.0,"$85,953 to $87,415",Male  ,Median,86681.0,18829.0,88740.0,2004.0,316.0,32397.0,14334.0,25597.0,10146.0,7481.0,2755.0,2280.0,3831.0,-2538.0,965.0,205.0,1523.0
67.0,"$87,416 to $88,908",Female,Average,88159.0,19253.0,91617.0,3421.0,2127.0,65691.0,37246.0,26435.0,11911.0,9162.0,3811.0,3349.0,5886.0,-3475.0,13623.0,2815.0,26389.0
67.0,"$87,416 to $88,908",Female,Median,88155.0,19359.0,90083.0,1879.0,490.0,22020.0,7945.0,21430.0,8499.0,10517.0,2715.0,2280.0,3444.0,-2351.0,1396.0,302.0,2314.0
67.0,"$87,416 to $88,908",Male  ,Average,88163.0,19155.0,92246.0,4004.0,1313.0,93103.0,61847.0,29660.0,16290.0,7616.0,11372.0,3194.0,6423.0,-3597.0,11028.0,2255.0,21568.0
67.0,"$87,416 to $88,908",Male  ,Median,88161.0,19344.0,90282.0,2068.0,190.0,32772.0,13842.0,25132.0,12524.0,6776.0,4095.0,2274.0,3792.0,-2542.0,1108.0,237.0,1748.0
68.0,"$88,909 to $90,382",Female,Average,89639.0,19770.0,93221.0,3518.0,2064.0,71572.0,40938.0,25811.0,14421.0,7704.0,5802.0,3281.0,6328.0,-3554.0,14171.0,2954.0,27094.0
68.0,"$88,909 to $90,382",Female,Median,89644.0,19873.0,91555.0,1878.0,485.0,24545.0,8208.0,20778.0,11108.0,6744.0,3710.0,2280.0,3771.0,-2384.0,1492.0,328.0,2404.0
68.0,"$88,909 to $90,382",Male  ,Average,89645.0,19684.0,93713.0,3996.0,1333.0,97445.0,64781.0,29164.0,14987.0,7403.0,8976.0,3302.0,6879.0,-3616.0,10953.0,2290.0,20771.0
68.0,"$88,909 to $90,382",Male  ,Median,89659.0,19861.0,91729.0,2029.0,301.0,35285.0,14900.0,24648.0,9986.0,6572.0,3510.0,2280.0,4202.0,-2543.0,1041.0,227.0,1639.0
69.0,"$90,383 to $92,036",Female,Average,91204.0,20409.0,94836.0,3594.0,2001.0,72942.0,42035.0,25767.0,11872.0,6290.0,4910.0,3270.0,6058.0,-3469.0,13928.0,2965.0,26989.0
69.0,"$90,383 to $92,036",Female,Median,91201.0,20477.0,93223.0,1950.0,452.0,24695.0,9046.0,20000.0,8282.0,6223.0,3039.0,2280.0,3513.0,-2321.0,1611.0,358.0,2538.0
69.0,"$90,383 to $92,036",Male  ,Average,91209.0,20348.0,95369.0,4112.0,1038.0,107731.0,76694.0,28318.0,14704.0,7463.0,10186.0,3214.0,6434.0,-3562.0,10507.0,2238.0,20705.0
69.0,"$90,383 to $92,036",Male  ,Median,91211.0,20470.0,93425.0,2146.0,160.0,29592.0,14018.0,23874.0,10587.0,7033.0,2922.0,2280.0,3843.0,-2494.0,1076.0,237.0,1590.0
70.0,"$92,037 to $93,732",Female,Average,92879.0,21046.0,96537.0,3610.0,1674.0,71950.0,42295.0,25802.0,11971.0,8315.0,3908.0,3247.0,6145.0,-3446.0,14663.0,3109.0,29026.0
70.0,"$92,037 to $93,732",Female,Median,92877.0,21108.0,94946.0,1989.0,322.0,21084.0,8090.0,20146.0,7666.0,8719.0,2655.0,2280.0,3435.0,-2267.0,1622.0,367.0,2631.0
70.0,"$92,037 to $93,732",Male  ,Average,92884.0,20991.0,97107.0,4160.0,1057.0,109511.0,77131.0,29010.0,14183.0,7881.0,5659.0,3273.0,6583.0,-3516.0,11276.0,2399.0,22436.0
70.0,"$92,037 to $93,732",Male  ,Median,92879.0,21101.0,95145.0,2204.0,143.0,30725.0,13689.0,24271.0,10273.0,7422.0,2979.0,2280.0,3870.0,-2431.0,1050.0,237.0,1653.0
71.0,"$93,733 to $95,471",Female,Average,94601.0,21702.0,98246.0,3598.0,1673.0,71098.0,40071.0,25540.0,13649.0,5290.0,4527.0,3279.0,6396.0,-3499.0,15073.0,3297.0,30348.0
71.0,"$93,733 to $95,471",Female,Median,94601.0,21757.0,96685.0,2012.0,405.0,23121.0,8306.0,19310.0,9265.0,4811.0,3099.0,2280.0,3624.0,-2281.0,1491.0,338.0,2550.0
71.0,"$93,733 to $95,471",Male  ,Average,94594.0,21626.0,98864.0,4215.0,706.0,110106.0,77752.0,28728.0,12882.0,7794.0,10864.0,3229.0,6565.0,-3557.0,11080.0,2421.0,21729.0
71.0,"$93,733 to $95,471",Male  ,Median,94592.0,21743.0,96933.0,2259.0,82.0,32046.0,14929.0,24175.0,9042.0,7248.0,3696.0,2280.0,3829.0,-2442.0,1102.0,252.0,1749.0
72.0,"$95,472 to $97,269",Female,Average,96368.0,22356.0,100086.0,3678.0,1624.0,72055.0,40934.0,25134.0,12125.0,8205.0,4900.0,3221.0,6362.0,-3495.0,15445.0,3430.0,30209.0
72.0,"$95,472 to $97,269",Female,Median,96368.0,22417.0,98495.0,2054.0,251.0,23581.0,8440.0,19058.0,7608.0,7692.0,3567.0,2280.0,3598.0,-2255.0,1465.0,336.0,2568.0
72.0,"$95,472 to $97,269",Male  ,Average,96365.0,22289.0,100707.0,4296.0,1097.0,119823.0,87525.0,28530.0,13995.0,7523.0,8103.0,3335.0,6753.0,-3555.0,11948.0,2648.0,22356.0
72.0,"$95,472 to $97,269",Male  ,Median,96362.0,22407.0,98734.0,2306.0,206.0,30436.0,14299.0,23717.0,8889.0,6893.0,2299.0,2280.0,3880.0,-2412.0,1092.0,251.0,1717.0
73.0,"$97,270 to $99,131",Female,Average,98194.0,23029.0,102022.0,3778.0,2042.0,71644.0,39478.0,25126.0,12883.0,8038.0,5515.0,3308.0,6512.0,-3544.0,15818.0,3389.0,29955.0
73.0,"$97,270 to $99,131",Female,Median,98190.0,23097.0,100358.0,2099.0,417.0,23135.0,8271.0,18744.0,10078.0,7247.0,3320.0,2280.0,3688.0,-2244.0,1609.0,372.0,2580.0
73.0,"$97,270 to $99,131",Male  ,Average,98195.0,22970.0,102749.0,4369.0,1029.0,119107.0,85563.0,27964.0,13940.0,7342.0,11585.0,3399.0,6778.0,-3571.0,11386.0,2519.0,22493.0
73.0,"$97,270 to $99,131",Male  ,Median,98191.0,23094.0,100573.0,2319.0,127.0,28840.0,13916.0,22955.0,10684.0,6645.0,2878.0,2280.0,3883.0,-2392.0,1189.0,276.0,1801.0
74.0,"$99,132 to $101,037",Female,Average,100071.0,23747.0,103985.0,3887.0,1661.0,77004.0,43813.0,24780.0,13543.0,8859.0,4366.0,3573.0,6865.0,-3573.0,16233.0,3652.0,30979.0
74.0,"$99,132 to $101,037",Female,Median,100063.0,23802.0,102278.0,2128.0,376.0,23253.0,7932.0,18574.0,9812.0,7702.0,2887.0,3386.0,3742.0,-2217.0,1710.0,391.0,2658.0
74.0,"$99,132 to $101,037",Male  ,Average,100075.0,23686.0,104554.0,4416.0,1057.0,118596.0,84745.0,28682.0,14063.0,7715.0,6996.0,3286.0,7097.0,-3614.0,12268.0,2679.0,24342.0
74.0,"$99,132 to $101,037",Male  ,Median,100063.0,23796.0,102492.0,2330.0,112.0,29132.0,13713.0,23598.0,11707.0,7121.0,2170.0,2280.0,3989.0,-2379.0,1178.0,276.0,1879.0
75.0,"$101,038 to $103,041",Female,Average,102032.0,24475.0,105978.0,3913.0,2010.0,77554.0,43392.0,24632.0,13340.0,8069.0,3224.0,3385.0,6872.0,-3616.0,16715.0,3875.0,32057.0
75.0,"$101,038 to $103,041",Female,Median,102030.0,24540.0,104288.0,2177.0,432.0,26980.0,9064.0,18344.0,10792.0,9285.0,2525.0,2416.0,3561.0,-2219.0,1929.0,460.0,2921.0
75.0,"$101,038 to $103,041",Male  ,Average,102037.0,24422.0,106639.0,4563.0,836.0,121912.0,88298.0,28664.0,11934.0,7282.0,6796.0,3357.0,7130.0,-3631.0,12036.0,2778.0,24018.0
75.0,"$101,038 to $103,041",Male  ,Median,102036.0,24532.0,104583.0,2471.0,66.0,30592.0,14030.0,23384.0,9391.0,6622.0,3221.0,2280.0,3977.0,-2398.0,1186.0,282.0,1889.0
76.0,"$103,042 to $105,124",Female,Average,104081.0,25235.0,108116.0,3983.0,1996.0,83913.0,49014.0,24879.0,14386.0,6906.0,7296.0,3563.0,7024.0,-3641.0,16968.0,3890.0,33723.0
76.0,"$103,042 to $105,124",Female,Median,104078.0,25305.0,106422.0,2243.0,353.0,27166.0,8829.0,18107.0,10442.0,7169.0,4017.0,3386.0,3763.0,-2232.0,1823.0,441.0,3052.0
76.0,"$103,042 to $105,124",Male  ,Average,104077.0,25186.0,108711.0,4583.0,864.0,116709.0,80998.0,27988.0,11622.0,7198.0,6725.0,3419.0,7083.0,-3631.0,12178.0,2844.0,24654.0
76.0,"$103,042 to $105,124",Male  ,Median,104074.0,25297.0,106670.0,2495.0,107.0,29993.0,14513.0,22488.0,7641.0,6233.0,3858.0,2280.0,3908.0,-2380.0,1232.0,297.0,1928.0
77.0,"$105,125 to $107,276",Female,Average,106194.0,26034.0,110210.0,3963.0,2025.0,77639.0,43055.0,24486.0,11135.0,7048.0,4851.0,3191.0,7154.0,-3641.0,17948.0,4211.0,35015.0
77.0,"$105,125 to $107,276",Female,Median,106191.0,26095.0,108614.0,2324.0,497.0,25167.0,8825.0,17920.0,8091.0,6389.0,2389.0,2280.0,3676.0,-2138.0,1978.0,481.0,3272.0
77.0,"$105,125 to $107,276",Male  ,Average,106193.0,25984.0,110889.0,4651.0,870.0,120639.0,85735.0,26957.0,12862.0,7453.0,8335.0,3342.0,6919.0,-3615.0,12876.0,3001.0,25432.0
77.0,"$105,125 to $107,276",Male  ,Median,106191.0,26092.0,108863.0,2576.0,38.0,29407.0,14342.0,22023.0,9038.0,6284.0,2900.0,2280.0,3477.0,-2344.0,1264.0,306.0,2013.0
78.0,"$107,277 to $109,526",Female,Average,108386.0,26856.0,112398.0,3982.0,1938.0,86591.0,47833.0,24690.0,11899.0,7303.0,4298.0,3292.0,7339.0,-3650.0,17903.0,4300.0,34115.0
78.0,"$107,277 to $109,526",Female,Median,108378.0,26913.0,110719.0,2254.0,380.0,30780.0,9979.0,17755.0,7925.0,4938.0,3494.0,2280.0,3759.0,-2085.0,2016.0,494.0,3167.0
78.0,"$107,277 to $109,526",Male  ,Average,108397.0,26814.0,113205.0,4718.0,845.0,135552.0,99542.0,27580.0,16857.0,7107.0,8861.0,3127.0,7323.0,-3643.0,12924.0,3066.0,23900.0
78.0,"$107,277 to $109,526",Male  ,Median,108394.0,26915.0,111028.0,2522.0,67.0,32130.0,14491.0,21718.0,12878.0,6461.0,3198.0,2274.0,3847.0,-2299.0,1248.0,307.0,2036.0
79.0,"$109,527 to $111,893",Female,Average,110696.0,27696.0,114958.0,4225.0,1884.0,81954.0,43999.0,25030.0,12109.0,8954.0,3458.0,3455.0,7606.0,-3671.0,18769.0,4481.0,35487.0
79.0,"$109,527 to $111,893",Female,Median,110689.0,27776.0,113121.0,2295.0,476.0,28198.0,8706.0,17863.0,9174.0,8574.0,2210.0,2280.0,3885.0,-2045.0,2184.0,535.0,3414.0
79.0,"$109,527 to $111,893",Male  ,Average,110699.0,27678.0,115609.0,4835.0,684.0,122680.0,84900.0,27311.0,13384.0,6773.0,8909.0,3276.0,7218.0,-3645.0,12784.0,3070.0,25867.0
79.0,"$109,527 to $111,893",Male  ,Median,110695.0,27775.0,113437.0,2629.0,0.0,30369.0,14210.0,21683.0,9643.0,6124.0,3028.0,2280.0,3484.0,-2333.0,1247.0,312.0,1953.0
80.0,"$111,894 to $114,403",Female,Average,113135.0,28598.0,117503.0,4326.0,1898.0,92798.0,54109.0,24799.0,15277.0,7502.0,5901.0,3479.0,7622.0,-3753.0,20074.0,4809.0,37787.0
80.0,"$111,894 to $114,403",Female,Median,113126.0,28683.0,115542.0,2307.0,421.0,28525.0,9118.0,17563.0,11070.0,7369.0,2619.0,3386.0,3766.0,-2085.0,2211.0,553.0,3500.0
80.0,"$111,894 to $114,403",Male  ,Average,113139.0,28575.0,118084.0,4888.0,825.0,140269.0,103468.0,27258.0,13208.0,7232.0,12808.0,3208.0,7431.0,-3676.0,14380.0,3468.0,27562.0
80.0,"$111,894 to $114,403",Male  ,Median,113138.0,28689.0,115902.0,2643.0,80.0,32265.0,14506.0,20742.0,9247.0,6810.0,2962.0,2280.0,3562.0,-2321.0,1422.0,355.0,2238.0
81.0,"$114,404 to $117,010",Female,Average,115701.0,29564.0,120428.0,4625.0,2281.0,94532.0,55310.0,24386.0,13716.0,11520.0,4879.0,2996.0,8204.0,-3824.0,22042.0,5245.0,42397.0
81.0,"$114,404 to $117,010",Female,Median,115697.0,29643.0,118166.0,2335.0,491.0,29944.0,9579.0,17070.0,8835.0,10759.0,2967.0,2280.0,4248.0,-2093.0,2805.0,700.0,3953.0
81.0,"$114,404 to $117,010",Male  ,Average,115700.0,29549.0,120796.0,5033.0,744.0,130891.0,91439.0,26382.0,15237.0,6943.0,7532.0,3031.0,7744.0,-3740.0,14518.0,3446.0,27591.0
81.0,"$114,404 to $117,010",Male  ,Median,115700.0,29648.0,118541.0,2728.0,13.0,35415.0,16837.0,20799.0,9210.0,6463.0,3967.0,2274.0,3755.0,-2323.0,1353.0,345.0,2122.0
82.0,"$117,011 to $119,589",Female,Average,118321.0,30502.0,123391.0,5004.0,2522.0,106171.0,64719.0,24278.0,12255.0,6180.0,6440.0,3320.0,8867.0,-4022.0,21558.0,5357.0,41769.0
82.0,"$117,011 to $119,589",Female,Median,118331.0,30609.0,120662.0,2262.0,676.0,37000.0,11363.0,16917.0,7732.0,4533.0,2180.0,3386.0,4804.0,-2119.0,2899.0,739.0,4401.0
82.0,"$117,011 to $119,589",Male  ,Average,118323.0,30523.0,123544.0,5177.0,1079.0,128924.0,89024.0,26746.0,17445.0,6868.0,9880.0,3378.0,8219.0,-3812.0,15302.0,3822.0,30138.0
82.0,"$117,011 to $119,589",Male  ,Median,118333.0,30630.0,121042.0,2643.0,126.0,36598.0,16535.0,20517.0,13366.0,6706.0,3552.0,2283.0,4107.0,-2329.0,1584.0,405.0,2374.0
83.0,"$119,590 to $122,241",Female,Average,120804.0,31454.0,125818.0,4945.0,2787.0,148790.0,108567.0,24156.0,14275.0,9213.0,6573.0,3534.0,9415.0,-4072.0,23014.0,5677.0,43552.0
83.0,"$119,590 to $122,241",Female,Median,120741.0,31550.0,123286.0,2283.0,889.0,37378.0,10667.0,16878.0,10550.0,9403.0,3274.0,3386.0,5085.0,-2154.0,3384.0,873.0,4886.0
83.0,"$119,590 to $122,241",Male  ,Average,120832.0,31487.0,126234.0,5332.0,1084.0,151123.0,113263.0,25871.0,15514.0,6810.0,10807.0,3091.0,8582.0,-3941.0,16053.0,3940.0,31984.0
83.0,"$119,590 to $122,241",Male  ,Median,120790.0,31586.0,123673.0,2676.0,132.0,33711.0,15465.0,19378.0,12292.0,5308.0,4947.0,2280.0,4180.0,-2355.0,1673.0,432.0,2569.0
84.0,"$122,242 to $125,415",Female,Average,123787.0,32706.0,128602.0,4755.0,2418.0,102025.0,58006.0,24634.0,12305.0,5761.0,3838.0,3034.0,8342.0,-3960.0,22161.0,5664.0,42488.0
84.0,"$122,242 to $125,415",Female,Median,123769.0,32818.0,126376.0,2429.0,698.0,35358.0,10624.0,17148.0,9664.0,4308.0,2886.0,2274.0,3877.0,-2040.0,2932.0,765.0,4460.0
84.0,"$122,242 to $125,415",Male  ,Average,123807.0,32737.0,129128.0,5238.0,718.0,155096.0,115059.0,26311.0,14103.0,6678.0,11911.0,3396.0,7574.0,-3824.0,15020.0,3824.0,28415.0
84.0,"$122,242 to $125,415",Male  ,Median,123799.0,32855.0,126842.0,2883.0,40.0,33468.0,15838.0,19807.0,10653.0,5669.0,3963.0,3386.0,3190.0,-2308.0,1576.0,414.0,2405.0
85.0,"$125,416 to $129,014",Female,Average,127165.0,34409.0,132362.0,5102.0,2473.0,108685.0,60696.0,24998.0,11990.0,7118.0,5017.0,3200.0,8007.0,-3812.0,25346.0,6430.0,47176.0
85.0,"$125,416 to $129,014",Female,Median,127145.0,34613.0,129907.0,2533.0,677.0,41673.0,10955.0,16608.0,8777.0,7302.0,4428.0,2280.0,3275.0,-1913.0,3637.0,972.0,5290.0
85.0,"$125,416 to $129,014",Male  ,Average,127177.0,34440.0,132722.0,5454.0,724.0,144347.0,101816.0,26334.0,13345.0,7046.0,6310.0,3195.0,6928.0,-3642.0,15620.0,4111.0,29746.0
85.0,"$125,416 to $129,014",Male  ,Median,127165.0,34640.0,130329.0,2996.0,0.0,33802.0,14847.0,19864.0,9484.0,6463.0,2914.0,2280.0,2506.0,-2102.0,1619.0,437.0,2475.0
86.0,"$129,015 to $132,994",Female,Average,130949.0,35925.0,136038.0,5040.0,2647.0,108006.0,56623.0,25424.0,11589.0,9461.0,3310.0,3059.0,8053.0,-3993.0,25157.0,6744.0,48531.0
86.0,"$129,015 to $132,994",Female,Median,130912.0,36069.0,133772.0,2564.0,672.0,44469.0,12292.0,17316.0,8193.0,9622.0,2226.0,2280.0,3293.0,-1952.0,4175.0,1148.0,5816.0
86.0,"$129,015 to $132,994",Male  ,Average,130970.0,35993.0,136471.0,5431.0,614.0,158544.0,116586.0,25841.0,13560.0,7131.0,4568.0,3134.0,7061.0,-3708.0,17256.0,4588.0,32603.0
86.0,"$129,015 to $132,994",Male  ,Median,130954.0,36121.0,134237.0,3048.0,-86.0,34999.0,16112.0,19159.0,8683.0,7187.0,2754.0,2280.0,2495.0,-2124.0,1755.0,482.0,2603.0
87.0,"$132,995 to $137,383",Female,Average,135137.0,37533.0,140515.0,5333.0,2454.0,118024.0,63412.0,24753.0,12931.0,5998.0,3796.0,2835.0,8834.0,-4048.0,27808.0,7447.0,52721.0
87.0,"$132,995 to $137,383",Female,Median,135115.0,37696.0,138052.0,2640.0,458.0,49095.0,12772.0,16348.0,10285.0,5247.0,2901.0,2265.0,3805.0,-1982.0,4527.0,1249.0,6182.0
87.0,"$132,995 to $137,383",Male  ,Average,135165.0,37614.0,140781.0,5531.0,668.0,153665.0,107935.0,25788.0,14419.0,7183.0,10471.0,2891.0,7360.0,-3762.0,18231.0,4901.0,35073.0
87.0,"$132,995 to $137,383",Male  ,Median,135152.0,37754.0,138492.0,3102.0,-164.0,39540.0,16705.0,19171.0,10682.0,6564.0,4602.0,2265.0,2615.0,-2154.0,1881.0,522.0,2767.0
88.0,"$137,384 to $142,226",Female,Average,139748.0,39317.0,145290.0,5455.0,2505.0,123282.0,66341.0,24607.0,10606.0,4078.0,4090.0,2875.0,9366.0,-4131.0,28940.0,7948.0,54561.0
88.0,"$137,384 to $142,226",Female,Median,139726.0,39484.0,142755.0,2646.0,399.0,53366.0,13828.0,17018.0,7453.0,3887.0,3096.0,2265.0,3977.0,-2062.0,4795.0,1337.0,7165.0
88.0,"$137,384 to $142,226",Male  ,Average,139767.0,39410.0,145454.0,5621.0,639.0,159417.0,110330.0,25320.0,16874.0,5940.0,5242.0,3138.0,7613.0,-3799.0,18153.0,4964.0,33315.0
88.0,"$137,384 to $142,226",Male  ,Median,139758.0,39550.0,143229.0,3173.0,-160.0,39928.0,16841.0,18625.0,12554.0,4619.0,2396.0,2280.0,2708.0,-2173.0,1949.0,546.0,2853.0
89.0,"$142,227 to $147,544",Female,Average,144834.0,41261.0,150558.0,5655.0,2447.0,140164.0,79811.0,25228.0,10366.0,9775.0,5204.0,2764.0,10171.0,-4202.0,30821.0,8547.0,57162.0
89.0,"$142,227 to $147,544",Female,Median,144789.0,41454.0,147924.0,2714.0,400.0,58637.0,15006.0,16719.0,7983.0,7844.0,3271.0,2264.0,4387.0,-2070.0,4725.0,1333.0,6817.0
89.0,"$142,227 to $147,544",Male  ,Average,144845.0,41368.0,150713.0,5763.0,404.0,172266.0,121289.0,25333.0,18210.0,6869.0,13866.0,3294.0,8075.0,-3894.0,19711.0,5472.0,36108.0
89.0,"$142,227 to $147,544",Male  ,Median,144830.0,41524.0,148395.0,3225.0,-251.0,42000.0,17061.0,17309.0,15221.0,6355.0,4195.0,3386.0,2798.0,-2202.0,2020.0,574.0,3033.0
90.0,"$147,545 to $153,471",Female,Average,150440.0,43403.0,156612.0,6071.0,2915.0,149696.0,82843.0,24373.0,16158.0,5818.0,4018.0,2864.0,11018.0,-4471.0,33590.0,9265.0,62536.0
90.0,"$147,545 to $153,471",Female,Median,150397.0,43625.0,153588.0,2732.0,533.0,70905.0,17674.0,16025.0,10319.0,6486.0,3904.0,2267.0,5046.0,-2113.0,5691.0,1629.0,8095.0
90.0,"$147,545 to $153,471",Male  ,Average,150435.0,43532.0,156265.0,5762.0,399.0,185261.0,132980.0,24643.0,13538.0,6168.0,3431.0,3190.0,8599.0,-3939.0,20511.0,5792.0,38711.0
90.0,"$147,545 to $153,471",Male  ,Median,150385.0,43688.0,154029.0,3183.0,-170.0,46502.0,18601.0,16897.0,9227.0,4767.0,1830.0,2274.0,2984.0,-2217.0,2251.0,651.0,3287.0
91.0,"$153,472 to $160,361",Female,Average,156825.0,45897.0,163299.0,6316.0,2798.0,153348.0,84857.0,25273.0,10834.0,6715.0,5130.0,2893.0,12137.0,-4643.0,36136.0,10269.0,65968.0
91.0,"$153,472 to $160,361",Female,Median,156776.0,46102.0,160203.0,2798.0,652.0,74336.0,17237.0,16308.0,7903.0,4789.0,3077.0,2280.0,5873.0,-2274.0,7334.0,2127.0,9692.0
91.0,"$153,472 to $160,361",Male  ,Average,156848.0,46004.0,162969.0,6025.0,527.0,202912.0,148261.0,24851.0,11822.0,7391.0,17251.0,3050.0,8955.0,-4136.0,21319.0,6084.0,38956.0
91.0,"$153,472 to $160,361",Male  ,Median,156811.0,46192.0,160586.0,3289.0,-233.0,48542.0,19294.0,16807.0,8748.0,7526.0,3407.0,2269.0,3218.0,-2338.0,2459.0,716.0,3551.0
92.0,"$160,362 to $168,245",Female,Average,164198.0,48670.0,170956.0,6621.0,2434.0,172836.0,98644.0,23789.0,12589.0,9761.0,5256.0,3063.0,13234.0,-4969.0,39000.0,11257.0,71931.0
92.0,"$160,362 to $168,245",Female,Median,164138.0,48944.0,167778.0,2857.0,508.0,77053.0,18287.0,15734.0,9656.0,7771.0,4444.0,2265.0,6627.0,-2498.0,8250.0,2425.0,11452.0
92.0,"$160,362 to $168,245",Male  ,Average,164213.0,48835.0,170611.0,6325.0,502.0,202390.0,142859.0,24337.0,13806.0,6914.0,12795.0,2921.0,9866.0,-4405.0,24642.0,7008.0,44149.0
92.0,"$160,362 to $168,245",Male  ,Median,164164.0,49048.0,168159.0,3378.0,-274.0,51299.0,18726.0,16458.0,10662.0,5801.0,3130.0,2273.0,3685.0,-2486.0,2910.0,861.0,4000.0
93.0,"$168,246 to $176,911",Female,Average,172612.0,51941.0,180154.0,7378.0,3188.0,162957.0,90133.0,21969.0,12075.0,4113.0,3227.0,2503.0,14753.0,-5692.0,43465.0,12564.0,79668.0
93.0,"$168,246 to $176,911",Female,Median,172623.0,52250.0,176364.0,2905.0,870.0,72189.0,17684.0,14317.0,8994.0,1716.0,2265.0,2264.0,8043.0,-2716.0,9876.0,2939.0,13064.0
93.0,"$168,246 to $176,911",Male  ,Average,172535.0,52051.0,179186.0,6586.0,893.0,203241.0,138093.0,24199.0,15264.0,6734.0,11406.0,2910.0,11140.0,-4751.0,26433.0,7808.0,49027.0
93.0,"$168,246 to $176,911",Male  ,Median,172504.0,52297.0,176643.0,3473.0,-89.0,64283.0,21342.0,15713.0,11832.0,6650.0,6429.0,2280.0,4540.0,-2695.0,3273.0,987.0,4574.0
94.0,"$176,912 to $185,226",Female,Average,180588.0,55138.0,189031.0,8366.0,3617.0,159923.0,94284.0,20179.0,14602.0,7260.0,4821.0,2727.0,16771.0,-7105.0,49959.0,14714.0,91889.0
94.0,"$176,912 to $185,226",Female,Median,180041.0,55256.0,183988.0,2538.0,1216.0,56860.0,15483.0,12636.0,11257.0,7260.0,3567.0,2270.0,9754.0,-3408.0,14604.0,4427.0,19315.0
94.0,"$176,912 to $185,226",Male  ,Average,180754.0,55352.0,188433.0,7584.0,1336.0,216718.0,149683.0,21346.0,16936.0,6679.0,8600.0,3104.0,12858.0,-5663.0,30412.0,8851.0,54802.0
94.0,"$176,912 to $185,226",Male  ,Median,180396.0,55408.0,184840.0,3388.0,112.0,63694.0,19987.0,13181.0,17830.0,6298.0,4188.0,2280.0,5896.0,-3107.0,4042.0,1227.0,5526.0
95.0,"$185,227 to $198,634",Female,Average,191497.0,60042.0,199873.0,8215.0,3366.0,181698.0,97456.0,21676.0,12891.0,4091.0,4394.0,3295.0,16889.0,-6528.0,51199.0,15612.0,95088.0
95.0,"$185,227 to $198,634",Female,Median,191275.0,60344.0,196175.0,3204.0,949.0,90643.0,23507.0,13590.0,10981.0,4091.0,4562.0,2280.0,8947.0,-3291.0,13702.0,4280.0,17685.0
95.0,"$185,227 to $198,634",Male  ,Average,191590.0,60327.0,198920.0,7220.0,875.0,275265.0,194147.0,23271.0,11621.0,5591.0,23509.0,3006.0,12301.0,-5463.0,32011.0,9766.0,57985.0
95.0,"$185,227 to $198,634",Male  ,Median,191433.0,60585.0,196467.0,3684.0,-189.0,88093.0,25477.0,15239.0,9922.0,5021.0,7993.0,2280.0,4923.0,-3107.0,4428.0,1393.0,6079.0
96.0,"$198,635 to $217,178",Female,Average,207422.0,67368.0,215863.0,8314.0,3851.0,209404.0,109423.0,23066.0,16241.0,9489.0,7492.0,3029.0,19317.0,-6671.0,57213.0,18339.0,106394.0
96.0,"$198,635 to $217,178",Female,Median,207227.0,67771.0,212895.0,3377.0,1064.0,123924.0,26754.0,13294.0,12878.0,9489.0,5592.0,2265.0,10756.0,-3276.0,16368.0,5246.0,21091.0
96.0,"$198,635 to $217,178",Male  ,Average,207373.0,67544.0,215002.0,7507.0,818.0,244971.0,154702.0,22250.0,12565.0,7017.0,19259.0,3150.0,14330.0,-5727.0,36522.0,11700.0,64981.0
96.0,"$198,635 to $217,178",Male  ,Median,207113.0,67842.0,212807.0,3841.0,-205.0,101057.0,25456.0,14402.0,9951.0,5996.0,4866.0,2280.0,6475.0,-3188.0,5756.0,1862.0,7351.0
97.0,"$217,179 to $244,789",Female,Average,229670.0,77581.0,238550.0,8741.0,4284.0,215628.0,105114.0,21260.0,18087.0,0.0,2065.0,3162.0,23104.0,-7465.0,66416.0,21994.0,122141.0
97.0,"$217,179 to $244,789",Female,Median,228983.0,77824.0,236046.0,3448.0,1223.0,139013.0,28598.0,12675.0,10193.0,0.0,1405.0,3386.0,13828.0,-3624.0,21055.0,7041.0,27023.0
97.0,"$217,179 to $244,789",Male  ,Average,229725.0,77759.0,238160.0,8321.0,931.0,312691.0,202999.0,22860.0,12331.0,5336.0,22000.0,2995.0,17460.0,-6314.0,43252.0,14392.0,76662.0
97.0,"$217,179 to $244,789",Male  ,Median,229104.0,78009.0,235860.0,3998.0,-193.0,155201.0,33554.0,13223.0,10199.0,4023.0,11124.0,2272.0,8530.0,-3289.0,7138.0,2394.0,8724.0
98.0,"$244,790 to $296,558",Female,Average,267756.0,94931.0,277579.0,9514.0,4445.0,289726.0,157466.0,20160.0,19698.0,0.0,16480.0,3063.0,30830.0,-8339.0,85413.0,29811.0,154116.0
98.0,"$244,790 to $296,558",Female,Median,266250.0,95037.0,274767.0,3774.0,1142.0,184148.0,38417.0,12429.0,4324.0,0.0,5843.0,2266.0,19933.0,-3959.0,32773.0,11493.0,40272.0
98.0,"$244,790 to $296,558",Male  ,Average,267536.0,94966.0,276363.0,8674.0,1143.0,352738.0,221008.0,21927.0,7846.0,5653.0,6836.0,2893.0,23803.0,-7106.0,58837.0,20768.0,105000.0
98.0,"$244,790 to $296,558",Male  ,Median,265985.0,94964.0,274095.0,4294.0,-202.0,216818.0,52164.0,12789.0,8941.0,4970.0,4989.0,2280.0,12497.0,-3627.0,12378.0,4387.0,14088.0
99.0,"$296,559 to $421,935",Female,Average,347979.0,131858.0,360100.0,11796.0,4702.0,337763.0,180387.0,17384.0,9047.0,7514.0,3800.0,2407.0,45742.0,-10810.0,120083.0,44881.0,217285.0
99.0,"$296,559 to $421,935",Female,Median,342833.0,130185.0,353643.0,4668.0,1355.0,197034.0,43828.0,9493.0,5635.0,7514.0,2076.0,1859.0,30695.0,-5233.0,44501.0,16701.0,56159.0
99.0,"$296,559 to $421,935",Male  ,Average,347793.0,131549.0,359049.0,11048.0,1384.0,454983.0,284984.0,21599.0,20394.0,6250.0,12810.0,3299.0,35925.0,-9694.0,83986.0,31625.0,147222.0
99.0,"$296,559 to $421,935",Male  ,Median,342270.0,129857.0,352725.0,5093.0,-99.0,276294.0,69983.0,12753.0,14615.0,6393.0,2214.0,3391.0,20843.0,-4732.0,19204.0,7215.0,21692.0
100.0,"$421,936 or more",Female,Average,1016032.0,442232.0,1047148.0,30189.0,8657.0,679230.0,374086.0,17960.0,9785.0,8713.0,4782.0,3726.0,231233.0,-29940.0,642276.0,279044.0,1099426.0
100.0,"$421,936 or more",Female,Median,597205.0,248113.0,615215.0,6447.0,2811.0,369775.0,70571.0,9709.0,10149.0,8713.0,4970.0,2280.0,87279.0,-9271.0,155011.0,64419.0,189556.0
100.0,"$421,936 or more",Male  ,Average,1024820.0,444065.0,1052628.0,26947.0,3042.0,1056280.0,591888.0,18583.0,12470.0,7514.0,1210.0,3609.0,206996.0,-26475.0,556390.0,244539.0,898700.0
100.0,"$421,936 or more",Male  ,Median,611429.0,253959.0,628491.0,8222.0,285.0,626873.0,148239.0,10234.0,11738.0,6459.0,1210.0,3403.0,63287.0,-8743.0,57976.0,24095.0,64423.0
