age_range,sex,bracket_raw,Individuals,Pension income2,Taxable income (excluding losses),Total income or loss3
a. Under 18,Female,"$1,000,001 or more",0,0,0,0
a. Under 18,Female,"$10,001-$15,000",295,14408,3555175,3588477
a. Under 18,Female,"$100,001 - $150,000",20,0,2307053,2308329
a. Under 18,Female,"$15,001-$20,000",3450,15880,58918541,61032258
a. Under 18,Female,"$150,001 - $180,000",15,0,2820460,2822821
a. Under 18,Female,"$180,001 - $250,000",5,0,953101,1027273
a. Under 18,Female,"$20,001-$25,000",1140,0,25057581,25827920
a. Under 18,Female,"$25,001 - $30,000",465,0,12562696,12871184
a. Under 18,Female,"$250,001 - $500,000",5,0,1890826,1892058
a. Under 18,Female,"$30,001 - $34,000",240,9456,7621829,7727802
a. Under 18,Female,"$34,001 - $40,000",230,0,8233687,8322227
a. Under 18,Female,"$40,001 - $45,000",70,0,2916196,2931527
a. Under 18,Female,"$45,001-$50,000",40,0,1891509,1919002
a. Under 18,Female,"$50,001-$55,000",35,0,1778774,1794446
a. Under 18,Female,"$500,001 - $1,000,000",5,0,504986,504986
a. Under 18,Female,"$55,001 - $60,000",20,0,1089815,1096451
a. Under 18,Female,"$6,001-$10,000",365,20621,3038643,3076054
a. Under 18,Female,"$60,001 - $70,000",40,1139,2441081,2459880
a. Under 18,Female,"$70,001 - $80,000",85,0,6571272,6579824
a. Under 18,Female,"$80,001 - $90,000",40,0,3249520,3240931
a. Under 18,Female,"$90,001 - $100,000",15,0,1227202,1236022
a. Under 18,Female,"Less than $6,001",815,0,3058109,3091349
a. Under 18,Female,Non-taxable4,95135,1651381,536560114,546041824
a. Under 18,Male,"$1,000,001 or more",0,0,0,0
a. Under 18,Male,"$10,001-$15,000",300,5145,3644136,3707882
a. Under 18,Male,"$100,001 - $150,000",45,0,5387025,5568932
a. Under 18,Male,"$15,001-$20,000",6465,2570,111626308,118200584
a. Under 18,Male,"$150,001 - $180,000",25,0,4401321,4405819
a. Under 18,Male,"$180,001 - $250,000",15,0,2798405,2859252
a. Under 18,Male,"$20,001-$25,000",2985,0,66144166,69509460
a. Under 18,Male,"$25,001 - $30,000",1445,0,39378600,41189432
a. Under 18,Male,"$250,001 - $500,000",5,0,1384971,1420280
a. Under 18,Male,"$30,001 - $34,000",655,0,20908101,21628189
a. Under 18,Male,"$34,001 - $40,000",635,0,23122956,23849627
a. Under 18,Male,"$40,001 - $45,000",190,0,8009734,8232265
a. Under 18,Male,"$45,001-$50,000",115,0,5507286,5615775
a. Under 18,Male,"$50,001-$55,000",70,208,3762450,3873625
a. Under 18,Male,"$500,001 - $1,000,000",5,0,2330367,2370236
a. Under 18,Male,"$55,001 - $60,000",45,0,2574771,2644664
a. Under 18,Male,"$6,001-$10,000",355,0,2917900,2953078
a. Under 18,Male,"$60,001 - $70,000",55,0,3580348,3668001
a. Under 18,Male,"$70,001 - $80,000",150,0,11789820,11895986
a. Under 18,Male,"$80,001 - $90,000",35,0,2924115,2959328
a. Under 18,Male,"$90,001 - $100,000",20,0,2002593,2003886
a. Under 18,Male,"Less than $6,001",835,0,3161797,3185413
a. Under 18,Male,Non-taxable4,91215,373446,523409394,539811542
b. 18 - 24,Female,"$1,000,001 or more",5,0,7437932,7438885
b. 18 - 24,Female,"$10,001-$15,000",985,38990,13053117,13358452
b. 18 - 24,Female,"$100,001 - $150,000",1480,18984,177021303,179559404
b. 18 - 24,Female,"$15,001-$20,000",95135,163660,1666004126,1748118938
b. 18 - 24,Female,"$150,001 - $180,000",965,15087,166979138,167787688
b. 18 - 24,Female,"$180,001 - $250,000",440,0,84917932,85154504
b. 18 - 24,Female,"$20,001-$25,000",81670,174984,1831057188,1914936738
b. 18 - 24,Female,"$25,001 - $30,000",72140,7592000,1982916910,2068307174
b. 18 - 24,Female,"$250,001 - $500,000",85,0,28303188,28411630
b. 18 - 24,Female,"$30,001 - $34,000",55560,8633521,1777460687,1848012404
b. 18 - 24,Female,"$34,001 - $40,000",74185,5083029,2726253443,2823021520
b. 18 - 24,Female,"$40,001 - $45,000",39325,1319966,1663168377,1720480739
b. 18 - 24,Female,"$45,001-$50,000",24405,502619,1155126977,1193878758
b. 18 - 24,Female,"$50,001-$55,000",17230,152714,902319179,931916780
b. 18 - 24,Female,"$500,001 - $1,000,000",20,0,12003682,11655455
b. 18 - 24,Female,"$55,001 - $60,000",10855,72426,621622221,640355389
b. 18 - 24,Female,"$6,001-$10,000",255,18831,1995129,2048871
b. 18 - 24,Female,"$60,001 - $70,000",9295,80723,596518129,612892537
b. 18 - 24,Female,"$70,001 - $80,000",6395,26639,488697008,496558676
b. 18 - 24,Female,"$80,001 - $90,000",2400,18591,199488051,202469758
b. 18 - 24,Female,"$90,001 - $100,000",765,15078,72135541,73377011
b. 18 - 24,Female,"Less than $6,001",855,0,2254455,2476688
b. 18 - 24,Female,Non-taxable4,282210,154300137,2760291718,2841400288
b. 18 - 24,Male,"$1,000,001 or more",5,0,2994846,2995704
b. 18 - 24,Male,"$10,001-$15,000",1150,208,15177446,15840603
b. 18 - 24,Male,"$100,001 - $150,000",6170,5020,722071210,744248638
b. 18 - 24,Male,"$15,001-$20,000",92195,16712,1616264073,1748941722
b. 18 - 24,Male,"$150,001 - $180,000",1225,0,208884104,211774479
b. 18 - 24,Male,"$180,001 - $250,000",635,0,123481020,125323724
b. 18 - 24,Male,"$20,001-$25,000",84980,16615,1907635097,2053643595
b. 18 - 24,Male,"$25,001 - $30,000",75520,391433,2075123326,2215800560
b. 18 - 24,Male,"$250,001 - $500,000",130,0,41444650,42568765
b. 18 - 24,Male,"$30,001 - $34,000",57695,464739,1845025676,1954869406
b. 18 - 24,Male,"$34,001 - $40,000",79590,349862,2929929408,3090454627
b. 18 - 24,Male,"$40,001 - $45,000",49460,86520,2096426001,2208006271
b. 18 - 24,Male,"$45,001-$50,000",35850,93269,1698629810,1791342982
b. 18 - 24,Male,"$50,001-$55,000",26420,64019,1383710288,1458218500
b. 18 - 24,Male,"$500,001 - $1,000,000",15,0,11339237,11164357
b. 18 - 24,Male,"$55,001 - $60,000",19190,38155,1101240067,1158077627
b. 18 - 24,Male,"$6,001-$10,000",270,208,2152814,2234869
b. 18 - 24,Male,"$60,001 - $70,000",21910,5102,1411475043,1482984365
b. 18 - 24,Male,"$70,001 - $80,000",13995,2456,1055024854,1098553666
b. 18 - 24,Male,"$80,001 - $90,000",6825,7671,573723412,596393281
b. 18 - 24,Male,"$90,001 - $100,000",3680,2440,348069859,361347122
b. 18 - 24,Male,"Less than $6,001",715,0,1945511,2097274
b. 18 - 24,Male,Non-taxable4,249335,9663926,2372748131,2472910912
c. 25 - 29,Female,"$1,000,001 or more",10,0,20686972,20506854
c. 25 - 29,Female,"$10,001-$15,000",1235,44793,16228033,16735321
c. 25 - 29,Female,"$100,001 - $150,000",7125,65774,827075755,849260975
c. 25 - 29,Female,"$15,001-$20,000",35805,295769,629754079,669594127
c. 25 - 29,Female,"$150,001 - $180,000",1045,0,175284003,178296954
c. 25 - 29,Female,"$180,001 - $250,000",615,0,123075005,124398367
c. 25 - 29,Female,"$20,001-$25,000",38610,468580,868527907,916911149
c. 25 - 29,Female,"$25,001 - $30,000",43045,16775351,1188815488,1250972860
c. 25 - 29,Female,"$250,001 - $500,000",205,0,66555046,66988705
c. 25 - 29,Female,"$30,001 - $34,000",40230,20145038,1288416146,1350949709
c. 25 - 29,Female,"$34,001 - $40,000",67340,14020719,2491100204,2605681233
c. 25 - 29,Female,"$40,001 - $45,000",52250,3696648,2217267416,2315001534
c. 25 - 29,Female,"$45,001-$50,000",45395,1208952,2153686224,2243386034
c. 25 - 29,Female,"$50,001-$55,000",40050,668122,2101488007,2186385257
c. 25 - 29,Female,"$500,001 - $1,000,000",20,0,14148014,14626656
c. 25 - 29,Female,"$55,001 - $60,000",34240,224694,1966065474,2041532429
c. 25 - 29,Female,"$6,001-$10,000",265,12705,2087722,2185318
c. 25 - 29,Female,"$60,001 - $70,000",44890,237269,2895077423,2998018599
c. 25 - 29,Female,"$70,001 - $80,000",24120,73694,1801499160,1859140102
c. 25 - 29,Female,"$80,001 - $90,000",11365,17552,958033600,988356063
c. 25 - 29,Female,"$90,001 - $100,000",5520,19645,521209703,536841042
c. 25 - 29,Female,"Less than $6,001",915,0,2117446,2311254
c. 25 - 29,Female,Non-taxable4,153635,239793534,1391404569,1424595035
c. 25 - 29,Male,"$1,000,001 or more",20,0,30610113,30465312
c. 25 - 29,Male,"$10,001-$15,000",1485,0,19527369,20273581
c. 25 - 29,Male,"$100,001 - $150,000",25365,5198,2967354499,3073782478
c. 25 - 29,Male,"$15,001-$20,000",33295,624,586763285,635435826
c. 25 - 29,Male,"$150,001 - $180,000",2885,0,472307743,480923631
c. 25 - 29,Male,"$180,001 - $250,000",1510,0,307648586,313447352
c. 25 - 29,Male,"$20,001-$25,000",36675,52829,826158664,887177326
c. 25 - 29,Male,"$25,001 - $30,000",40240,792308,1109767564,1186996163
c. 25 - 29,Male,"$250,001 - $500,000",650,0,208082027,213072201
c. 25 - 29,Male,"$30,001 - $34,000",39065,941347,1251850711,1333369905
c. 25 - 29,Male,"$34,001 - $40,000",68945,794626,2553984772,2711250543
c. 25 - 29,Male,"$40,001 - $45,000",58815,321438,2499314291,2647254505
c. 25 - 29,Male,"$45,001-$50,000",54565,150152,2589661097,2738492373
c. 25 - 29,Male,"$50,001-$55,000",48900,92352,2564958322,2709242498
c. 25 - 29,Male,"$500,001 - $1,000,000",115,0,77007090,78161092
c. 25 - 29,Male,"$55,001 - $60,000",42190,64789,2423115586,2554663519
c. 25 - 29,Male,"$6,001-$10,000",315,0,2522975,2647256
c. 25 - 29,Male,"$60,001 - $70,000",63695,86842,4117414549,4334127279
c. 25 - 29,Male,"$70,001 - $80,000",40360,36960,3015758227,3160270244
c. 25 - 29,Male,"$80,001 - $90,000",24020,16997,2030819547,2126100915
c. 25 - 29,Male,"$90,001 - $100,000",14595,0,1380980437,1441258887
c. 25 - 29,Male,"Less than $6,001",830,0,1909282,2169177
c. 25 - 29,Male,Non-taxable4,102330,13237683,1007830737,1029227507
d. 30 - 34,Female,"$1,000,001 or more",30,0,91430794,95073682
d. 30 - 34,Female,"$10,001-$15,000",655,0,8493747,8938881
d. 30 - 34,Female,"$100,001 - $150,000",17215,91819,2029545036,2092301466
d. 30 - 34,Female,"$15,001-$20,000",30980,280685,544955116,579295789
d. 30 - 34,Female,"$150,001 - $180,000",2960,12067,488501415,498980755
d. 30 - 34,Female,"$180,001 - $250,000",1865,20083,380469677,386772860
d. 30 - 34,Female,"$20,001-$25,000",33225,701074,747182165,788364794
d. 30 - 34,Female,"$25,001 - $30,000",35800,21737864,988384661,1037931455
d. 30 - 34,Female,"$250,001 - $500,000",755,3438,241036589,243545826
d. 30 - 34,Female,"$30,001 - $34,000",31840,26445656,1019132028,1067148390
d. 30 - 34,Female,"$34,001 - $40,000",48960,19254697,1808156595,1890117764
d. 30 - 34,Female,"$40,001 - $45,000",36165,4991110,1535402033,1602344116
d. 30 - 34,Female,"$45,001-$50,000",32190,1871859,1527230818,1592775984
d. 30 - 34,Female,"$50,001-$55,000",28790,756185,1510422290,1572240336
d. 30 - 34,Female,"$500,001 - $1,000,000",90,0,59088606,58804987
d. 30 - 34,Female,"$55,001 - $60,000",25665,370309,1474500685,1533805694
d. 30 - 34,Female,"$6,001-$10,000",275,8398,2133371,2249011
d. 30 - 34,Female,"$60,001 - $70,000",41520,430271,2687103782,2791733920
d. 30 - 34,Female,"$70,001 - $80,000",30055,194493,2250658846,2329813257
d. 30 - 34,Female,"$80,001 - $90,000",17695,69283,1494467842,1545686804
d. 30 - 34,Female,"$90,001 - $100,000",10010,37318,947048799,977735569
d. 30 - 34,Female,"Less than $6,001",890,520,2006881,2423691
d. 30 - 34,Female,Non-taxable4,170155,255795173,1339175597,1356775923
d. 30 - 34,Male,"$1,000,001 or more",100,0,181061811,177930747
d. 30 - 34,Male,"$10,001-$15,000",925,9039,11928395,12480593
d. 30 - 34,Male,"$100,001 - $150,000",51590,1436,6109017510,6342026010
d. 30 - 34,Male,"$15,001-$20,000",20455,57983,361984402,394422883
d. 30 - 34,Male,"$150,001 - $180,000",8035,168,1312928184,1348803433
d. 30 - 34,Male,"$180,001 - $250,000",5460,0,1122087814,1143324871
d. 30 - 34,Male,"$20,001-$25,000",24235,86330,545760575,587970346
d. 30 - 34,Male,"$25,001 - $30,000",27095,1295976,747740924,801463690
d. 30 - 34,Male,"$250,001 - $500,000",2385,0,772643716,786686300
d. 30 - 34,Male,"$30,001 - $34,000",27350,1318707,876790409,935414101
d. 30 - 34,Male,"$34,001 - $40,000",49490,1157285,1833587521,1949339356
d. 30 - 34,Male,"$40,001 - $45,000",44950,509106,1910647255,2024781528
d. 30 - 34,Male,"$45,001-$50,000",45050,232888,2139181806,2261424893
d. 30 - 34,Male,"$50,001-$55,000",42755,108729,2243473281,2372251703
d. 30 - 34,Male,"$500,001 - $1,000,000",415,0,272904190,270405092
d. 30 - 34,Male,"$55,001 - $60,000",39895,91059,2292778253,2422615824
d. 30 - 34,Male,"$6,001-$10,000",285,0,2287178,2435356
d. 30 - 34,Male,"$60,001 - $70,000",68175,71278,4418265360,4654203926
d. 30 - 34,Male,"$70,001 - $80,000",53755,115587,4023106903,4223646718
d. 30 - 34,Male,"$80,001 - $90,000",37010,1954,3132575920,3279345716
d. 30 - 34,Male,"$90,001 - $100,000",25245,2113,2390937355,2498188649
d. 30 - 34,Male,"Less than $6,001",1015,0,2256053,2944499
d. 30 - 34,Male,Non-taxable4,71750,17484225,664376499,645568892
e. 35 - 39,Female,"$1,000,001 or more",85,0,146029831,144463299
e. 35 - 39,Female,"$10,001-$15,000",505,26222,6470568,6802240
e. 35 - 39,Female,"$100,001 - $150,000",21065,113970,2507158608,2586191113
e. 35 - 39,Female,"$15,001-$20,000",35155,392833,619008813,658058374
e. 35 - 39,Female,"$150,001 - $180,000",4875,9493,806382402,827993722
e. 35 - 39,Female,"$180,001 - $250,000",3990,16598,822455521,842018951
e. 35 - 39,Female,"$20,001-$25,000",38240,835405,860151917,908194243
e. 35 - 39,Female,"$25,001 - $30,000",42185,27794560,1164679390,1222099824
e. 35 - 39,Female,"$250,001 - $500,000",2150,14729,696391130,704510131
e. 35 - 39,Female,"$30,001 - $34,000",36770,35460310,1176513309,1229919659
e. 35 - 39,Female,"$34,001 - $40,000",53170,25756370,1960534685,2044236325
e. 35 - 39,Female,"$40,001 - $45,000",36080,6510464,1530615967,1595586663
e. 35 - 39,Female,"$45,001-$50,000",31180,2167032,1479260931,1541818968
e. 35 - 39,Female,"$50,001-$55,000",27080,1036867,1420065978,1478101860
e. 35 - 39,Female,"$500,001 - $1,000,000",350,0,228665906,227724561
e. 35 - 39,Female,"$55,001 - $60,000",23550,481862,1353053148,1408213035
e. 35 - 39,Female,"$6,001-$10,000",365,0,2885674,3199402
e. 35 - 39,Female,"$60,001 - $70,000",37815,588369,2448452695,2544496860
e. 35 - 39,Female,"$70,001 - $80,000",30885,185672,2319142605,2405802645
e. 35 - 39,Female,"$80,001 - $90,000",18915,76038,1597209606,1654752361
e. 35 - 39,Female,"$90,001 - $100,000",11200,20711,1058460205,1095350024
e. 35 - 39,Female,"Less than $6,001",1010,0,2484985,3076229
e. 35 - 39,Female,Non-taxable4,193955,281829496,1471147740,1466915582
e. 35 - 39,Male,"$1,000,001 or more",420,0,855629618,847171595
e. 35 - 39,Male,"$10,001-$15,000",670,0,8561011,9345365
e. 35 - 39,Male,"$100,001 - $150,000",70855,14016,8464153692,8793739389
e. 35 - 39,Male,"$15,001-$20,000",18280,75179,323370446,353814562
e. 35 - 39,Male,"$150,001 - $180,000",14275,1252,2338117624,2409920186
e. 35 - 39,Male,"$180,001 - $250,000",12265,3011,2543015395,2605989853
e. 35 - 39,Male,"$20,001-$25,000",22755,74059,512399413,554648735
e. 35 - 39,Male,"$25,001 - $30,000",25950,1602551,716066225,767596526
e. 35 - 39,Male,"$250,001 - $500,000",7240,2010,2374745274,2418324024
e. 35 - 39,Male,"$30,001 - $34,000",24850,1687490,796510639,849897522
e. 35 - 39,Male,"$34,001 - $40,000",45425,1446160,1682116421,1786522847
e. 35 - 39,Male,"$40,001 - $45,000",41025,582336,1744345654,1845934968
e. 35 - 39,Male,"$45,001-$50,000",41400,339921,1966383704,2075539786
e. 35 - 39,Male,"$50,001-$55,000",40270,166681,2113762900,2230753992
e. 35 - 39,Male,"$500,001 - $1,000,000",1530,0,1015747216,1025365556
e. 35 - 39,Male,"$55,001 - $60,000",38340,228657,2204482153,2325416913
e. 35 - 39,Male,"$6,001-$10,000",360,0,2785282,3056882
e. 35 - 39,Male,"$60,001 - $70,000",69345,100119,4499587864,4738121683
e. 35 - 39,Male,"$70,001 - $80,000",60185,102088,4511459358,4736980620
e. 35 - 39,Male,"$80,001 - $90,000",44540,34901,3772503690,3948210501
e. 35 - 39,Male,"$90,001 - $100,000",31530,65414,2988426662,3122403890
e. 35 - 39,Male,"Less than $6,001",1045,0,2600229,3396639
e. 35 - 39,Male,Non-taxable4,70350,22195776,593616425,544265235
f. 40 - 44,Female,"$1,000,001 or more",160,0,319566685,315372963
f. 40 - 44,Female,"$10,001-$15,000",515,26399,6605956,7066266
f. 40 - 44,Female,"$100,001 - $150,000",20210,73078,2406949752,2492955816
f. 40 - 44,Female,"$15,001-$20,000",34490,382970,608266227,647697618
f. 40 - 44,Female,"$150,001 - $180,000",5100,11140,844834039,871436323
f. 40 - 44,Female,"$180,001 - $250,000",4420,10549,912785754,938063231
f. 40 - 44,Female,"$20,001-$25,000",39965,970155,900225958,949791491
f. 40 - 44,Female,"$25,001 - $30,000",44495,25545643,1228886941,1287867795
f. 40 - 44,Female,"$250,001 - $500,000",2795,0,923447443,940232364
f. 40 - 44,Female,"$30,001 - $34,000",39870,33382007,1275550820,1331942408
f. 40 - 44,Female,"$34,001 - $40,000",58020,24614964,2138845480,2227946039
f. 40 - 44,Female,"$40,001 - $45,000",38095,5540764,1615483364,1681550613
f. 40 - 44,Female,"$45,001-$50,000",32315,1878162,1532990185,1595289256
f. 40 - 44,Female,"$50,001-$55,000",27170,783354,1424651027,1481174669
f. 40 - 44,Female,"$500,001 - $1,000,000",565,0,373489362,376530587
f. 40 - 44,Female,"$55,001 - $60,000",23475,372354,1348461983,1402522945
f. 40 - 44,Female,"$6,001-$10,000",395,0,3126502,3406636
f. 40 - 44,Female,"$60,001 - $70,000",36535,387804,2365460032,2460206403
f. 40 - 44,Female,"$70,001 - $80,000",30995,174276,2328777071,2419527848
f. 40 - 44,Female,"$80,001 - $90,000",18555,145385,1565643412,1624038784
f. 40 - 44,Female,"$90,001 - $100,000",10960,45389,1037190783,1074877347
f. 40 - 44,Female,"Less than $6,001",920,0,2428496,3511301
f. 40 - 44,Female,Non-taxable4,161650,218756311,1263835285,1245103131
f. 40 - 44,Male,"$1,000,001 or more",850,0,1514069008,1481070347
f. 40 - 44,Male,"$10,001-$15,000",625,6238,7981486,8609098
f. 40 - 44,Male,"$100,001 - $150,000",68310,90148,8171649828,8491579984
f. 40 - 44,Male,"$15,001-$20,000",17850,48236,315778591,345007976
f. 40 - 44,Male,"$150,001 - $180,000",15290,6616,2508534155,2596526677
f. 40 - 44,Male,"$180,001 - $250,000",14115,993,2935503559,3017932999
f. 40 - 44,Male,"$20,001-$25,000",21090,118215,474413643,512175766
f. 40 - 44,Male,"$25,001 - $30,000",23340,1404116,644312176,692951381
f. 40 - 44,Male,"$250,001 - $500,000",10340,24208,3431762811,3501478223
f. 40 - 44,Male,"$30,001 - $34,000",22530,1630237,722178366,772110128
f. 40 - 44,Male,"$34,001 - $40,000",41315,1459108,1529126576,1622210617
f. 40 - 44,Male,"$40,001 - $45,000",36270,524374,1541938084,1628718487
f. 40 - 44,Male,"$45,001-$50,000",37205,211255,1767157769,1865009013
f. 40 - 44,Male,"$50,001-$55,000",35905,151155,1883863705,1986515513
f. 40 - 44,Male,"$500,001 - $1,000,000",2650,12612,1773747160,1771845824
f. 40 - 44,Male,"$55,001 - $60,000",34085,80898,1959645493,2064989029
f. 40 - 44,Male,"$6,001-$10,000",450,0,3558269,4053054
f. 40 - 44,Male,"$60,001 - $70,000",62265,158164,4040988656,4254369519
f. 40 - 44,Male,"$70,001 - $80,000",56605,110750,4247688054,4459014287
f. 40 - 44,Male,"$80,001 - $90,000",41930,50332,3550743693,3716550230
f. 40 - 44,Male,"$90,001 - $100,000",29895,32140,2832997278,2964526165
f. 40 - 44,Male,"Less than $6,001",1075,0,2926759,3742220
f. 40 - 44,Male,Non-taxable4,69855,21362820,556021313,523257959
g. 45 - 49,Female,"$1,000,001 or more",240,0,479853548,469862533
g. 45 - 49,Female,"$10,001-$15,000",475,4054,6007919,6709387
g. 45 - 49,Female,"$100,001 - $150,000",20360,26802,2418636166,2510771712
g. 45 - 49,Female,"$15,001-$20,000",34495,312298,609002214,650699035
g. 45 - 49,Female,"$150,001 - $180,000",4980,3747,824495458,853963608
g. 45 - 49,Female,"$180,001 - $250,000",4390,9286,905911016,939545878
g. 45 - 49,Female,"$20,001-$25,000",42030,756834,946855815,1000664934
g. 45 - 49,Female,"$25,001 - $30,000",47465,17544643,1310316379,1377998153
g. 45 - 49,Female,"$250,001 - $500,000",2790,0,927460485,951416255
g. 45 - 49,Female,"$30,001 - $34,000",43150,22636068,1381524460,1444374742
g. 45 - 49,Female,"$34,001 - $40,000",64985,16508858,2396885219,2498355862
g. 45 - 49,Female,"$40,001 - $45,000",44025,3666639,1867871511,1943438280
g. 45 - 49,Female,"$45,001-$50,000",36735,1160478,1742139055,1811608908
g. 45 - 49,Female,"$50,001-$55,000",30655,493581,1607347471,1669383311
g. 45 - 49,Female,"$500,001 - $1,000,000",660,208,444567481,446949077
g. 45 - 49,Female,"$55,001 - $60,000",26155,281980,1502745906,1562653628
g. 45 - 49,Female,"$6,001-$10,000",405,0,3172878,3667529
g. 45 - 49,Female,"$60,001 - $70,000",40605,357155,2628366232,2734355573
g. 45 - 49,Female,"$70,001 - $80,000",34455,155070,2589619621,2694619998
g. 45 - 49,Female,"$80,001 - $90,000",20205,43745,1704668120,1782792214
g. 45 - 49,Female,"$90,001 - $100,000",11270,122030,1065801485,1105926905
g. 45 - 49,Female,"Less than $6,001",815,0,2206728,2867888
g. 45 - 49,Female,Non-taxable4,130230,136872424,1048496370,1031588366
g. 45 - 49,Male,"$1,000,001 or more",1125,0,2044839086,1954559109
g. 45 - 49,Male,"$10,001-$15,000",600,12515,7586854,8329532
g. 45 - 49,Male,"$100,001 - $150,000",67230,130868,8036520724,8352703986
g. 45 - 49,Male,"$15,001-$20,000",18670,104409,330254890,362571966
g. 45 - 49,Male,"$150,001 - $180,000",15225,18386,2498447851,2585468742
g. 45 - 49,Male,"$180,001 - $250,000",14435,6081,3008917990,3103822116
g. 45 - 49,Male,"$20,001-$25,000",21925,125971,493149767,532805298
g. 45 - 49,Male,"$25,001 - $30,000",23945,1214740,660691925,710093330
g. 45 - 49,Male,"$250,001 - $500,000",11395,19819,3801529045,3882826824
g. 45 - 49,Male,"$30,001 - $34,000",23200,1501688,743955815,794228807
g. 45 - 49,Male,"$34,001 - $40,000",41365,1281854,1530124335,1625133103
g. 45 - 49,Male,"$40,001 - $45,000",36295,394514,1543283525,1627709844
g. 45 - 49,Male,"$45,001-$50,000",37185,281774,1765722955,1861033873
g. 45 - 49,Male,"$50,001-$55,000",35685,125621,1872290704,1972561498
g. 45 - 49,Male,"$500,001 - $1,000,000",3160,0,2141104810,2169827616
g. 45 - 49,Male,"$55,001 - $60,000",34025,44602,1956105514,2061560894
g. 45 - 49,Male,"$6,001-$10,000",470,0,3686867,4145960
g. 45 - 49,Male,"$60,001 - $70,000",62035,129621,4025789505,4233522688
g. 45 - 49,Male,"$70,001 - $80,000",56360,36439,4230801402,4440499539
g. 45 - 49,Male,"$80,001 - $90,000",41370,102938,3503380722,3667049239
g. 45 - 49,Male,"$90,001 - $100,000",29870,15990,2829311326,2950577680
g. 45 - 49,Male,"Less than $6,001",985,0,2749758,3327559
g. 45 - 49,Male,Non-taxable4,73055,22410250,575549641,493528902
h. 50 - 54,Female,"$1,000,001 or more",235,0,540713317,533001221
h. 50 - 54,Female,"$10,001-$15,000",445,0,5617170,6334027
h. 50 - 54,Female,"$100,001 - $150,000",16790,55999,1988758289,2085956005
h. 50 - 54,Female,"$15,001-$20,000",31370,115058,554348535,596576212
h. 50 - 54,Female,"$150,001 - $180,000",3830,0,634955125,672043880
h. 50 - 54,Female,"$180,001 - $250,000",3215,12678,663353456,698723846
h. 50 - 54,Female,"$20,001-$25,000",38505,573853,867622997,922513425
h. 50 - 54,Female,"$25,001 - $30,000",43205,6985825,1191244993,1257188509
h. 50 - 54,Female,"$250,001 - $500,000",2205,915,733285299,767891317
h. 50 - 54,Female,"$30,001 - $34,000",39205,9079961,1255555861,1318628860
h. 50 - 54,Female,"$34,001 - $40,000",59910,6558954,2209494173,2319687452
h. 50 - 54,Female,"$40,001 - $45,000",40980,1590937,1738633555,1814128907
h. 50 - 54,Female,"$45,001-$50,000",35235,503348,1670459973,1742162306
h. 50 - 54,Female,"$50,001-$55,000",29555,362064,1549623727,1622520197
h. 50 - 54,Female,"$500,001 - $1,000,000",520,0,352358701,362456134
h. 50 - 54,Female,"$55,001 - $60,000",25385,183340,1457982505,1520404521
h. 50 - 54,Female,"$6,001-$10,000",395,0,3103022,3365805
h. 50 - 54,Female,"$60,001 - $70,000",39850,166332,2581461933,2696102678
h. 50 - 54,Female,"$70,001 - $80,000",34280,96729,2574340360,2696095317
h. 50 - 54,Female,"$80,001 - $90,000",19110,87030,1611703153,1685728319
h. 50 - 54,Female,"$90,001 - $100,000",10305,43089,973964118,1015136650
h. 50 - 54,Female,"Less than $6,001",705,0,2118267,2725077
h. 50 - 54,Female,Non-taxable4,109015,72835782,872060433,846289297
h. 50 - 54,Male,"$1,000,001 or more",1045,0,2037940303,1979953058
h. 50 - 54,Male,"$10,001-$15,000",535,0,6845513,8112067
h. 50 - 54,Male,"$100,001 - $150,000",56870,85560,6796879661,7088713293
h. 50 - 54,Male,"$15,001-$20,000",17860,71285,315748031,351060664
h. 50 - 54,Male,"$150,001 - $180,000",12540,5566,2059303333,2141983124
h. 50 - 54,Male,"$180,001 - $250,000",12050,0,2507677160,2604597428
h. 50 - 54,Male,"$20,001-$25,000",20835,113786,468776061,510913670
h. 50 - 54,Male,"$25,001 - $30,000",22470,957056,619703325,670265682
h. 50 - 54,Male,"$250,001 - $500,000",9925,1055,3330751182,3426865904
h. 50 - 54,Male,"$30,001 - $34,000",21970,1019761,704098172,758174123
h. 50 - 54,Male,"$34,001 - $40,000",39725,877074,1468374849,1572441139
h. 50 - 54,Male,"$40,001 - $45,000",33615,352679,1429382471,1513828862
h. 50 - 54,Male,"$45,001-$50,000",34060,122731,1618100442,1708739819
h. 50 - 54,Male,"$50,001-$55,000",32705,162644,1716605285,1811833107
h. 50 - 54,Male,"$500,001 - $1,000,000",2790,0,1877739788,1925856123
h. 50 - 54,Male,"$55,001 - $60,000",30665,184234,1762287358,1857816379
h. 50 - 54,Male,"$6,001-$10,000",430,9418,3374387,4103822
h. 50 - 54,Male,"$60,001 - $70,000",56480,108794,3664868877,3860454966
h. 50 - 54,Male,"$70,001 - $80,000",51955,138023,3899714596,4112564478
h. 50 - 54,Male,"$80,001 - $90,000",37005,34796,3132863034,3281944486
h. 50 - 54,Male,"$90,001 - $100,000",26175,97724,2479550268,2596023383
h. 50 - 54,Male,"Less than $6,001",900,0,2513571,3285733
h. 50 - 54,Male,Non-taxable4,72645,19451318,564542882,489805108
i. 55 - 59,Female,"$1,000,001 or more",205,0,466196475,470368883
i. 55 - 59,Female,"$10,001-$15,000",295,0,3681432,4159545
i. 55 - 59,Female,"$100,001 - $150,000",12870,203000,1529957475,1617230025
i. 55 - 59,Female,"$15,001-$20,000",13105,210429,244135022,269710160
i. 55 - 59,Female,"$150,001 - $180,000",3110,10709,514838255,545476672
i. 55 - 59,Female,"$180,001 - $250,000",2955,48426,610585802,647499469
i. 55 - 59,Female,"$20,001-$25,000",32630,177650,734790700,782102339
i. 55 - 59,Female,"$25,001 - $30,000",35645,2286159,982711511,1043303148
i. 55 - 59,Female,"$250,001 - $500,000",1920,10372,626316555,657872449
i. 55 - 59,Female,"$30,001 - $34,000",31485,3111785,1008095061,1065361330
i. 55 - 59,Female,"$34,001 - $40,000",47930,2653452,1768493530,1865958655
i. 55 - 59,Female,"$40,001 - $45,000",32685,1063629,1386959136,1454433444
i. 55 - 59,Female,"$45,001-$50,000",27865,544406,1321898759,1380929794
i. 55 - 59,Female,"$50,001-$55,000",22875,390485,1199325344,1252700342
i. 55 - 59,Female,"$500,001 - $1,000,000",445,0,301031005,314220082
i. 55 - 59,Female,"$55,001 - $60,000",19565,169548,1123576392,1172003153
i. 55 - 59,Female,"$6,001-$10,000",350,0,2774945,3108548
i. 55 - 59,Female,"$60,001 - $70,000",29295,281884,1895923032,1984378012
i. 55 - 59,Female,"$70,001 - $80,000",24105,174456,1809566805,1908644395
i. 55 - 59,Female,"$80,001 - $90,000",13345,87870,1124967769,1187892883
i. 55 - 59,Female,"$90,001 - $100,000",7260,76033,686655453,720851061
i. 55 - 59,Female,"Less than $6,001",615,0,1775149,2166406
i. 55 - 59,Female,Non-taxable4,126910,53742346,1291502115,1291337565
i. 55 - 59,Male,"$1,000,001 or more",800,0,1568764402,1523209261
i. 55 - 59,Male,"$10,001-$15,000",345,0,4318321,5211616
i. 55 - 59,Male,"$100,001 - $150,000",42050,234808,5028114541,5250079786
i. 55 - 59,Male,"$15,001-$20,000",8625,69845,159997059,180687836
i. 55 - 59,Male,"$150,001 - $180,000",9780,50498,1604621671,1675619059
i. 55 - 59,Male,"$180,001 - $250,000",9930,73722,2075637078,2161044341
i. 55 - 59,Male,"$20,001-$25,000",19985,62315,449594668,491595932
i. 55 - 59,Male,"$25,001 - $30,000",21265,573170,586240348,641599861
i. 55 - 59,Male,"$250,001 - $500,000",8105,5713,2703001949,2794279405
i. 55 - 59,Male,"$30,001 - $34,000",20885,660679,669700066,727651866
i. 55 - 59,Male,"$34,001 - $40,000",37370,678916,1381687936,1490005363
i. 55 - 59,Male,"$40,001 - $45,000",30830,365941,1309669286,1391966728
i. 55 - 59,Male,"$45,001-$50,000",30150,255552,1431464460,1515512871
i. 55 - 59,Male,"$50,001-$55,000",28310,371370,1485042875,1565905262
i. 55 - 59,Male,"$500,001 - $1,000,000",2040,0,1370445027,1408923203
i. 55 - 59,Male,"$55,001 - $60,000",26105,219015,1500514672,1586162313
i. 55 - 59,Male,"$6,001-$10,000",385,0,3062663,3553191
i. 55 - 59,Male,"$60,001 - $70,000",46370,241715,3007535409,3170073162
i. 55 - 59,Male,"$70,001 - $80,000",40670,191025,3053128952,3223372691
i. 55 - 59,Male,"$80,001 - $90,000",27990,99028,2368816566,2490075657
i. 55 - 59,Male,"$90,001 - $100,000",18960,77270,1796881501,1881719633
i. 55 - 59,Male,"Less than $6,001",800,0,2370439,3365074
i. 55 - 59,Male,Non-taxable4,87000,19626652,917149281,873688283
j. 60 - 64,Female,"$1,000,001 or more",140,0,451651728,461599049
j. 60 - 64,Female,"$10,001-$15,000",225,7684,2794895,3539343
j. 60 - 64,Female,"$100,001 - $150,000",6210,217239,740053071,801163777
j. 60 - 64,Female,"$15,001-$20,000",11945,421010,219635929,248166031
j. 60 - 64,Female,"$150,001 - $180,000",1695,25893,281274526,307024106
j. 60 - 64,Female,"$180,001 - $250,000",1640,33619,341333569,370476670
j. 60 - 64,Female,"$20,001-$25,000",24075,537008,540676172,581426794
j. 60 - 64,Female,"$25,001 - $30,000",24625,3108110,678357961,728798411
j. 60 - 64,Female,"$250,001 - $500,000",1090,9392,363620397,390279682
j. 60 - 64,Female,"$30,001 - $34,000",21390,6242806,684645070,732654681
j. 60 - 64,Female,"$34,001 - $40,000",31500,5574601,1159914782,1239536739
j. 60 - 64,Female,"$40,001 - $45,000",19825,2382805,841029415,885333912
j. 60 - 64,Female,"$45,001-$50,000",15840,1311141,751351830,788384159
j. 60 - 64,Female,"$50,001-$55,000",12565,694671,658524793,692549744
j. 60 - 64,Female,"$500,001 - $1,000,000",310,0,205790601,217374215
j. 60 - 64,Female,"$55,001 - $60,000",9945,452446,570802606,602364461
j. 60 - 64,Female,"$6,001-$10,000",265,0,2096535,2349694
j. 60 - 64,Female,"$60,001 - $70,000",14040,590913,907828130,958515300
j. 60 - 64,Female,"$70,001 - $80,000",11245,297987,846080497,906662638
j. 60 - 64,Female,"$80,001 - $90,000",6295,131649,530217684,569575266
j. 60 - 64,Female,"$90,001 - $100,000",3290,148499,311188676,331496735
j. 60 - 64,Female,"Less than $6,001",490,0,1512666,2037333
j. 60 - 64,Female,Non-taxable4,148610,140816619,1396764962,1417430264
j. 60 - 64,Male,"$1,000,001 or more",580,9965,1456914877,1458368716
j. 60 - 64,Male,"$10,001-$15,000",315,10000,3934811,5072307
j. 60 - 64,Male,"$100,001 - $150,000",21835,179944,2617710231,2765915961
j. 60 - 64,Male,"$15,001-$20,000",10295,250574,189511309,220838644
j. 60 - 64,Male,"$150,001 - $180,000",5190,54776,853278963,906310348
j. 60 - 64,Male,"$180,001 - $250,000",5525,13583,1153868016,1213474243
j. 60 - 64,Male,"$20,001-$25,000",21180,159066,475971834,527441867
j. 60 - 64,Male,"$25,001 - $30,000",21885,901460,603253762,664741037
j. 60 - 64,Male,"$250,001 - $500,000",4790,5835,1604510891,1681101398
j. 60 - 64,Male,"$30,001 - $34,000",20660,1243858,662363898,723134383
j. 60 - 64,Male,"$34,001 - $40,000",34600,1499977,1276198576,1390852738
j. 60 - 64,Male,"$40,001 - $45,000",25935,781573,1101488809,1171770967
j. 60 - 64,Male,"$45,001-$50,000",23315,474089,1106310481,1172018930
j. 60 - 64,Male,"$50,001-$55,000",20395,395146,1069706411,1130563832
j. 60 - 64,Male,"$500,001 - $1,000,000",1325,0,896402824,938768238
j. 60 - 64,Male,"$55,001 - $60,000",17620,165981,1012062731,1069616212
j. 60 - 64,Male,"$6,001-$10,000",330,0,2593564,3187041
j. 60 - 64,Male,"$60,001 - $70,000",28060,241472,1816512776,1920359302
j. 60 - 64,Male,"$70,001 - $80,000",22940,194951,1722536154,1839081522
j. 60 - 64,Male,"$80,001 - $90,000",14985,111611,1266389355,1346551788
j. 60 - 64,Male,"$90,001 - $100,000",9825,79362,930714501,982483068
j. 60 - 64,Male,"Less than $6,001",590,0,1794752,2344816
j. 60 - 64,Male,Non-taxable4,121410,34280619,1089636618,1099867039
k. 65 - 69,Female,"$1,000,001 or more",110,0,291242699,297655781
k. 65 - 69,Female,"$10,001-$15,000",115,34864,1385458,1671751
k. 65 - 69,Female,"$100,001 - $150,000",2830,936070,340830344,365073518
k. 65 - 69,Female,"$15,001-$20,000",1675,419848,30039106,38745828
k. 65 - 69,Female,"$150,001 - $180,000",930,150750,154051018,167315901
k. 65 - 69,Female,"$180,001 - $250,000",835,137515,173709354,187680078
k. 65 - 69,Female,"$20,001-$25,000",2525,433524,56908426,69174556
k. 65 - 69,Female,"$25,001 - $30,000",5690,5688477,158805443,176281124
k. 65 - 69,Female,"$250,001 - $500,000",705,31353,233701104,247310461
k. 65 - 69,Female,"$30,001 - $34,000",8955,23448097,286093467,303805216
k. 65 - 69,Female,"$34,001 - $40,000",11485,17861270,422580166,452951027
k. 65 - 69,Female,"$40,001 - $45,000",6475,6664989,274534118,288407694
k. 65 - 69,Female,"$45,001-$50,000",5020,3287114,238153856,251835718
k. 65 - 69,Female,"$50,001-$55,000",3765,1944189,197102068,209095721
k. 65 - 69,Female,"$500,001 - $1,000,000",200,4330,135808669,140726522
k. 65 - 69,Female,"$55,001 - $60,000",2950,1229452,169503924,179980037
k. 65 - 69,Female,"$6,001-$10,000",140,23776,1115641,1161525
k. 65 - 69,Female,"$60,001 - $70,000",4100,1226767,265080057,281879074
k. 65 - 69,Female,"$70,001 - $80,000",3700,955289,279494430,309124513
k. 65 - 69,Female,"$80,001 - $90,000",2210,646270,185890866,202724471
k. 65 - 69,Female,"$90,001 - $100,000",1225,396955,115928247,124368196
k. 65 - 69,Female,"Less than $6,001",205,4032,633739,831620
k. 65 - 69,Female,Non-taxable4,123900,549170924,1555818476,1575125473
k. 65 - 69,Male,"$1,000,001 or more",315,12612,886012684,900036446
k. 65 - 69,Male,"$10,001-$15,000",175,41080,2140378,2918212
k. 65 - 69,Male,"$100,001 - $150,000",7180,1611625,862552079,918644720
k. 65 - 69,Male,"$15,001-$20,000",1755,464275,31698753,44717925
k. 65 - 69,Male,"$150,001 - $180,000",1985,489186,327970295,352682602
k. 65 - 69,Male,"$180,001 - $250,000",2230,180697,466894915,497671484
k. 65 - 69,Male,"$20,001-$25,000",3155,601587,71211305,91765692
k. 65 - 69,Male,"$25,001 - $30,000",7025,5821362,196321019,226423009
k. 65 - 69,Male,"$250,001 - $500,000",2020,104098,680194199,714113450
k. 65 - 69,Male,"$30,001 - $34,000",10165,16376417,325077347,354003128
k. 65 - 69,Male,"$34,001 - $40,000",16095,22487488,593547134,646612185
k. 65 - 69,Male,"$40,001 - $45,000",11485,13888211,487816528,519455545
k. 65 - 69,Male,"$45,001-$50,000",9245,8406768,438465851,465676949
k. 65 - 69,Male,"$50,001-$55,000",7505,4622389,393306323,425498034
k. 65 - 69,Male,"$500,001 - $1,000,000",610,8217,414235379,463392211
k. 65 - 69,Male,"$55,001 - $60,000",6130,2814714,351999546,372791768
k. 65 - 69,Male,"$6,001-$10,000",195,30981,1504903,1665530
k. 65 - 69,Male,"$60,001 - $70,000",9140,3179380,591122733,628085913
k. 65 - 69,Male,"$70,001 - $80,000",7595,1961518,572032234,621168274
k. 65 - 69,Male,"$80,001 - $90,000",4765,1105647,401762356,434142536
k. 65 - 69,Male,"$90,001 - $100,000",3020,620390,286298195,304285829
k. 65 - 69,Male,"Less than $6,001",290,4796,847861,1294299
k. 65 - 69,Male,Non-taxable4,130775,494826145,1719639799,1742268006
l. 70 - 74,Female,"$1,000,001 or more",65,0,126187076,128932895
l. 70 - 74,Female,"$10,001-$15,000",70,2790,858193,1134951
l. 70 - 74,Female,"$100,001 - $150,000",1875,365598,225415778,241990579
l. 70 - 74,Female,"$15,001-$20,000",655,209705,11644881,14734713
l. 70 - 74,Female,"$150,001 - $180,000",575,70588,96183231,102578151
l. 70 - 74,Female,"$180,001 - $250,000",585,42747,122030581,129943055
l. 70 - 74,Female,"$20,001-$25,000",870,181318,19674495,24104638
l. 70 - 74,Female,"$25,001 - $30,000",2865,3769735,79924957,86711848
l. 70 - 74,Female,"$250,001 - $500,000",435,14520,145000994,153351398
l. 70 - 74,Female,"$30,001 - $34,000",4575,13072721,145981706,154056361
l. 70 - 74,Female,"$34,001 - $40,000",5320,8871655,195303077,206639054
l. 70 - 74,Female,"$40,001 - $45,000",2765,2932580,117095114,123443842
l. 70 - 74,Female,"$45,001-$50,000",2185,1244296,103546640,108995859
l. 70 - 74,Female,"$50,001-$55,000",1495,779860,78245181,83842083
l. 70 - 74,Female,"$500,001 - $1,000,000",145,6,100929176,104720112
l. 70 - 74,Female,"$55,001 - $60,000",1240,534392,71039959,74707707
l. 70 - 74,Female,"$6,001-$10,000",60,7144,468521,523393
l. 70 - 74,Female,"$60,001 - $70,000",1825,717746,118005159,124342497
l. 70 - 74,Female,"$70,001 - $80,000",1730,467484,130644381,140756907
l. 70 - 74,Female,"$80,001 - $90,000",1070,192463,90326786,96878493
l. 70 - 74,Female,"$90,001 - $100,000",655,209170,62071731,65610381
l. 70 - 74,Female,"Less than $6,001",105,5659,303038,360176
l. 70 - 74,Female,Non-taxable4,84980,415445865,1074027230,1093014911
l. 70 - 74,Male,"$1,000,001 or more",140,0,375246153,381173194
l. 70 - 74,Male,"$10,001-$15,000",75,19092,913886,1229164
l. 70 - 74,Male,"$100,001 - $150,000",2640,616227,319985754,343837055
l. 70 - 74,Male,"$15,001-$20,000",810,265426,14561447,20928909
l. 70 - 74,Male,"$150,001 - $180,000",835,128860,138321851,149798846
l. 70 - 74,Male,"$180,001 - $250,000",910,77106,189872089,211361005
l. 70 - 74,Male,"$20,001-$25,000",1095,301326,24715456,33750681
l. 70 - 74,Male,"$25,001 - $30,000",3510,4836143,98074892,111795257
l. 70 - 74,Male,"$250,001 - $500,000",805,40194,271662555,292740989
l. 70 - 74,Male,"$30,001 - $34,000",4870,10955596,155743061,167783949
l. 70 - 74,Male,"$34,001 - $40,000",7520,16345115,277404770,300752669
l. 70 - 74,Male,"$40,001 - $45,000",4585,8633633,194269919,205516387
l. 70 - 74,Male,"$45,001-$50,000",3370,4219177,159802536,170921746
l. 70 - 74,Male,"$50,001-$55,000",2480,2307098,129899721,138388710
l. 70 - 74,Male,"$500,001 - $1,000,000",270,4330,184509343,192348547
l. 70 - 74,Male,"$55,001 - $60,000",1995,1266085,114371087,122567135
l. 70 - 74,Male,"$6,001-$10,000",110,30543,849672,877333
l. 70 - 74,Male,"$60,001 - $70,000",2890,1404449,187125568,198620358
l. 70 - 74,Male,"$70,001 - $80,000",2705,658811,204267166,222966740
l. 70 - 74,Male,"$80,001 - $90,000",1605,477207,135227435,147552364
l. 70 - 74,Male,"$90,001 - $100,000",975,353221,92607510,99487863
l. 70 - 74,Male,"Less than $6,001",130,8935,432164,547232
l. 70 - 74,Male,Non-taxable4,93235,443166567,1203438412,1226848762
m. 75 and over,Female,"$1,000,001 or more",175,16302,396395158,407592188
m. 75 and over,Female,"$10,001-$15,000",55,40007,718633,717396
m. 75 and over,Female,"$100,001 - $150,000",5430,2016197,656059458,676247443
m. 75 and over,Female,"$15,001-$20,000",840,484888,14866590,15441317
m. 75 and over,Female,"$150,001 - $180,000",1705,511125,281358910,290811977
m. 75 and over,Female,"$180,001 - $250,000",1850,347690,385227741,401589760
m. 75 and over,Female,"$20,001-$25,000",960,258278,21712399,22954909
m. 75 and over,Female,"$25,001 - $30,000",3735,7286368,104496742,107682206
m. 75 and over,Female,"$250,001 - $500,000",1455,281846,489306846,508510452
m. 75 and over,Female,"$30,001 - $34,000",11195,45175738,356894066,360604203
m. 75 and over,Female,"$34,001 - $40,000",11490,24476921,422694490,430560927
m. 75 and over,Female,"$40,001 - $45,000",6305,7969423,267099106,272735370
m. 75 and over,Female,"$45,001-$50,000",5015,4305362,238002054,243401928
m. 75 and over,Female,"$50,001-$55,000",3710,2755980,194569726,198344672
m. 75 and over,Female,"$500,001 - $1,000,000",380,87770,258014677,269516365
m. 75 and over,Female,"$55,001 - $60,000",2975,1797154,170763488,174966221
m. 75 and over,Female,"$6,001-$10,000",75,28234,576991,613825
m. 75 and over,Female,"$60,001 - $70,000",4725,2375890,305953338,314725447
m. 75 and over,Female,"$70,001 - $80,000",4170,1601184,314043650,323997708
m. 75 and over,Female,"$80,001 - $90,000",2785,1053274,235201201,242051089
m. 75 and over,Female,"$90,001 - $100,000",1995,709704,188980998,194046850
m. 75 and over,Female,"Less than $6,001",130,4683,399426,495584
m. 75 and over,Female,Non-taxable4,134595,712173229,1982715610,2025964474
m. 75 and over,Male,"$1,000,001 or more",195,35407,487616206,505619415
m. 75 and over,Male,"$10,001-$15,000",80,37356,1021036,1141969
m. 75 and over,Male,"$100,001 - $150,000",4755,1085867,575706085,596625364
m. 75 and over,Male,"$15,001-$20,000",730,471792,12936008,14524256
m. 75 and over,Male,"$150,001 - $180,000",1425,337732,235515431,243676373
m. 75 and over,Male,"$180,001 - $250,000",1665,351923,348922718,380606584
m. 75 and over,Male,"$20,001-$25,000",900,224276,20309487,22764863
m. 75 and over,Male,"$25,001 - $30,000",4395,8715190,122494143,125435744
m. 75 and over,Male,"$250,001 - $500,000",1350,148469,455379749,479349510
m. 75 and over,Male,"$30,001 - $34,000",7635,24130887,244053360,246256806
m. 75 and over,Male,"$34,001 - $40,000",11680,33330660,431838458,437559975
m. 75 and over,Male,"$40,001 - $45,000",7550,18467567,320198718,324703076
m. 75 and over,Male,"$45,001-$50,000",5835,10147713,276783570,280283052
m. 75 and over,Male,"$50,001-$55,000",4065,4891523,212779450,216431322
m. 75 and over,Male,"$500,001 - $1,000,000",435,91037,291515744,304228655
m. 75 and over,Male,"$55,001 - $60,000",3305,2530986,189778955,192904718
m. 75 and over,Male,"$6,001-$10,000",90,41911,713421,739261
m. 75 and over,Male,"$60,001 - $70,000",4700,2497296,304067921,308981253
m. 75 and over,Male,"$70,001 - $80,000",3955,1436825,298085846,307379401
m. 75 and over,Male,"$80,001 - $90,000",2605,919699,219687827,225721148
m. 75 and over,Male,"$90,001 - $100,000",1820,628813,172328449,178297244
m. 75 and over,Male,"Less than $6,001",125,4683,349602,429130
m. 75 and over,Male,Non-taxable4,126130,653470675,1795014268,1823007045
