tax_type,income_year,records,abn_blank_records,amount_column,reported_records,reported_sum,blank_records
income_tax,2013-14,1909,13,total_income,1909,1794273471636.0,0
income_tax,2013-14,1909,13,taxable_income,1339,178792756763.0,570
income_tax,2013-14,1909,13,tax_payable,1204,42061201940.0,705
income_tax,2014-15,1970,16,total_income,1970,1810394522064.0,0
income_tax,2014-15,1970,16,taxable_income,1394,170304628661.0,576
income_tax,2014-15,1970,16,tax_payable,1254,42258363948.58,716
income_tax,2015-16,2084,16,total_income,2084,1827245099835.0,0
income_tax,2015-16,2084,16,taxable_income,1465,176478875470.0,619
income_tax,2015-16,2084,16,tax_payable,1326,38284588804.0,758
income_tax,2016-17,2146,17,total_income,2146,1858856325138.0,0
income_tax,2016-17,2146,17,taxable_income,1558,186386211110.0,588
income_tax,2016-17,2146,17,tax_payable,1404,45766404469.22,742
income_tax,2017-18,2254,20,total_income,2254,2013156710047.0,0
income_tax,2017-18,2254,20,taxable_income,1666,219893395418.0,588
income_tax,2017-18,2254,20,tax_payable,1518,52436657711.0,736
income_tax,2018-19,2375,23,total_income,2375,2157469143610.0,0
income_tax,2018-19,2375,23,taxable_income,1744,232473401950.0,631
income_tax,2018-19,2375,23,tax_payable,1597,56518372845.0,778
income_tax,2019-20,2421,20,total_income,2421,2204340521534.0,0
income_tax,2019-20,2421,20,taxable_income,1736,232147515411.0,685
income_tax,2019-20,2421,20,tax_payable,1606,57524154599.0,815
income_tax,2020-21,2527,20,total_income,2527,2316482522407.0,0
income_tax,2020-21,2527,20,taxable_income,1872,287165503735.0,655
income_tax,2020-21,2527,20,tax_payable,1726,68794416429.0,801
income_tax,2021-22,2776,21,total_income,2776,2570119269538.0,0
income_tax,2021-22,2776,21,taxable_income,2060,361530414915.0,716
income_tax,2021-22,2776,21,tax_payable,1908,84315487737.0,868
income_tax,2022-23,4085,39,total_income,4085,3165164769617.0,0
income_tax,2022-23,4085,39,taxable_income,2978,405126472654.0,1107
income_tax,2022-23,4085,39,tax_payable,2788,98274865491.0,1297
income_tax,2023-24,4205,36,total_income,4205,3304558658087.0,0
income_tax,2023-24,4205,36,taxable_income,3216,395440644596.0,989
income_tax,2023-24,4205,36,tax_payable,3018,96028177420.0,1187
income_tax,2024-25,4299,31,total_income,4299,3342185114932.0,0
income_tax,2024-25,4299,31,taxable_income,3338,349136493123.0,961
income_tax,2024-25,4299,31,tax_payable,3150,87488527889.0,1149
prrt,2013-14,12,0,prrt_payable,12,1765976736.0,0
prrt,2014-15,12,0,prrt_payable,12,1201506897.0,0
prrt,2015-16,9,0,prrt_payable,9,845484895.0,0
prrt,2016-17,14,0,prrt_payable,14,945919321.0,0
prrt,2017-18,9,0,prrt_payable,9,1161739438.0,0
prrt,2018-19,11,0,prrt_payable,11,1057718534.0,0
prrt,2019-20,12,0,prrt_payable,12,881162261.0,0
prrt,2020-21,10,0,prrt_payable,10,925990611.0,0
prrt,2021-22,11,0,prrt_payable,11,1996597665.0,0
prrt,2022-23,11,0,prrt_payable,11,1867057478.0,0
prrt,2023-24,16,0,prrt_payable,16,1483251276.0,0
prrt,2024-25,21,0,prrt_payable,21,1872820121.0,0
mrrt,2013-14,7,0,mrrt_payable,7,287856489.0,0
