company_name,abn,total_income,taxable_income,tax_payable,income_year
ACE GROUP HOLDINGS PTY LTD,50626454886,128807191,2638054,791416,2022-23
ACFS PORT LOGISTICS PTY LIMITED,95603120047,479531571,,,2022-23
ADOBE SYSTEMS PTY LTD,72054247835,890984620,42687673,12806302,2022-23
ALAND GROUP PTY LTD,,279020867,,,2022-23
ALAND PROPERTY HOLDINGS PTY LTD,34633006381,351434636,5110342,1533103,2022-23
ALIMFRESH PTY LIMITED,78002831843,351031269,43124250,6827999,2022-23
ALLY FASHION PTY LTD,93097575294,125308682,119421,35826,2022-23
ARE MEDIA HOLDCO PTY LTD,30649385044,275400305,15729460,4611195,2022-23
ARIA COMMODITIES AUSTRALIA PTY LTD,87649384538,417516225,3764744,1129423,2022-23
ASGIP III GRAFTON PROJECT HOLD CO PTY LTD,72652956128,171871135,4652779,1395834,2022-23
AURORA EXPEDITIONS HOLDINGS PTY LIMITED,25132510564,126142150,,,2022-23
AVANADE AUSTRALIA PTY LIMITED,58093925207,360205690,40043584,11992287,2022-23
BEMCOVE PTY. LTD.,91010843606,130749258,22303898,5486760,2022-23
BRIDGELANE GROUP PTY LIMITED,41140378678,177313098,1744006,523202,2022-23
BROADBENT CHS PTY LTD,38604191086,1251252222,58601838,17580551,2022-23
BULLA SPOILS FACILITY PTY LTD,13649078857,272539881,16293752,2559462,2022-23
CANADIAN IMPERIAL BANK OF COMMERCE,33608235847,461930194,28144869,8443461,2022-23
CETTIRE LIMITED,75645474166,418618398,5748738,,2022-23
COOMERA RESORT PTY. LTD.,22050911156,177032163,106828998,32048699,2022-23
CROWN GROUP HOLDINGS PTY LTD,47125413443,107843943,,,2022-23
CUBIC TRANSPORTATION SYSTEMS (AUSTRALIA) PTY LIMITED,82003617561,166754777,37326481,3585632,2022-23
DEAL CORPORATION HOLDINGS PTY LTD,,100560382,,,2022-23
DOWFORD INVESTMENTS PTY LTD,17093388446,233065815,,,2022-23
EAST COAST STOCKFEEDS PTY LIMITED,28000249338,123805574,4963295,1488988,2022-23
EAST YARRA FRIENDLY SOCIETY PTY LTD,44087648913,304247375,,,2022-23
EASYGO SOLUTIONS PTY LIMITED,99611437668,452262331,313843418,94153025,2022-23
ETFS CAPITAL LIMITED,64508436902,182648333,73323,,2022-23
EVDIRECT.COM PTY LTD,30654088703,285917728,4894888,1468466,2022-23
FINISAR AUSTRALIA PTY LTD,45098184582,161233762,39782548,,2022-23
FIREMOUNT PTY LTD,36610063502,156427885,,,2022-23
GEIRANGER HOLDINGS PTY LTD,71141061994,320915418,11682344,647560,2022-23
GENESIS CARE PTY LIMITED,38137188464,579280972,,,2022-23
GOLD BULLION AUSTRALIA HOLDINGS PTY LTD,51606574618,302603605,5939573,1610444,2022-23
GUARDFORCE INVESTMENT HOLDINGS PTY LIMITED,46610494105,172978820,,,2022-23
HEATHS ROAD INVESTMENTS PTY LTD,77074468714,103332286,1096368,328910,2022-23
HI-QUALITY QUARRY PRODUCTS PTY LTD,45098227000,201437653,19843529,5953059,2022-23
LAKE MAINTENANCE HOLDINGS PTY LIMITED,63147625858,101112814,22040732,3610167,2022-23
LANCO RESOURCES AUSTRALIA PTY LTD,30147835452,138154634,,,2022-23
LIVING CHOICE AUSTRALIA PTY LTD,17054602309,168251729,717496,,2022-23
MAGELLAN LOGISTICS PTY LTD,61079321725,111945872,6095474,1828642,2022-23
MAMMOET AUSTRALIA PTY LTD,77075483644,150413788,,,2022-23
MARINA COMMODITIES (AUSTRALIA) PTY LTD,21610517925,105676667,1833844,550153,2022-23
MARLAU NOMINEES PTY LTD,18056365327,351659064,11977651,3593295,2022-23
MICHELL WOOL PTY LTD,11165515604,148962957,,,2022-23
MWAVE HOLDINGS PTY LTD,64645692833,147159605,,,2022-23
NEXT GREEN GROUP PTY LTD,39656555636,212401129,5074958,1522487,2022-23
NORMANBY FAMILY OFFICE PTY LTD,72163548436,118810172,23844764,6420973,2022-23
OTR PROPERTIES PTY LTD,25638136535,111790389,3751851,1125555,2022-23
OZLAND MINING SERVICES PTY LTD,76140397833,101867680,,,2022-23
PANORAMIC RESOURCES LTD,47095792288,182995863,,,2022-23
PEARL CORPORATION OF AUSTRALIA PTY.LTD.,33009623081,273084359,13072549,,2022-23
PERNOD RICARD PACIFIC HOLDING PTY LTD,16003678484,684897204,,,2022-23
PFIZER AUSTRALIA INVESTMENTS PTY LTD,86146429138,2150981235,63499994,19049998,2022-23
POINTCORP NIFSAN HOLDINGS PTY LTD,86621664622,160675535,,,2022-23
POINTSBET HOLDINGS LTD,68621179351,240320444,13556425,,2022-23
RAYSTECH GROUP PTY LTD,34629134667,130885228,1609111,482733,2022-23
RIDDOCH HOLDINGS PTY LTD,85610959727,319844628,858618,257585,2022-23
ROCKWELL AUTOMATION AUSTRALIA LIMITED,80005549477,216566145,15236197,4545458,2022-23
ROYAL BANK OF CANADA,86076940880,1404191365,41123900,12337170,2022-23
ROYAL GRANVILLE OPERATIONS PTY LTD,92638176137,133642732,,,2022-23
RYMAN RACING PTY LTD,53644755171,114452244,,,2022-23
SCANLAN & THEODORE PTY LTD,64006782609,101578599,25754499,7726350,2022-23
SILTECH PMR PTY LIMITED,17164783402,444500533,949863,284959,2022-23
SOUTHERN RESTAURANTS AUSTRALIA PTY LTD,21619912711,169900548,14338800,4301640,2022-23
SOUTHERN RESTAURANTS HOLDINGS PTY LTD,25098858498,163302613,17230,5169,2022-23
SPARK INVESTMENT HOLDCO PTY LTD,98626001394,119667465,,,2022-23
ST HILLIERS PTY LIMITED,78003819681,164437691,,,2022-23
SUNDROP FARMS PORT AUGUSTA PTY LTD,72165205621,122572174,,,2022-23
TAMBAVALE (QLD) PTY LTD,90109550218,139584933,893371,268011,2022-23
TEYS INVESTMENTS PTY LTD,15009868900,155243297,167345419,37346484,2022-23
TMA GROUP OF COMPANIES LIMITED,66006627087,183619677,2733981,275503,2022-23
TOP CUT FOODS PTY LIMITED,96628117564,172427552,1039739,105204,2022-23
TRAKNEW HOLDINGS PTY LIMITED,83001214268,207122779,16129262,4706095,2022-23
VANDERLANDE INDUSTRIES AUSTRALIA PTY LTD,61164889838,202787477,2297873,689362,2022-23
VELLEX HOLDINGS PTY LTD,85651221000,143476896,1160985,348296,2022-23
WARSON HOLDINGS PTY LTD,,203120558,,,2022-23
WEALTH RESOURCES PTY LTD,34162882840,285768455,,,2022-23
WILLIAMS GROUP AUSTRALIA PTY LTD,28128744990,102525254,10272070,3081621,2022-23
YENCITY PTY LTD,50061900552,184981975,6625571,1653399,2022-23
ALTIUM LIMITED,93009568772,261476548,11190162,3307034,2021-22
AUREKA LIMITED,66125140105,115822560,,,2021-22
BROADBENT CHS PTY LTD,38604191086,1115965457,47093954,14128186,2021-22
EAST YARRA FRIENDLY SOCIETY PTY LTD,44087648913,258719475,1366488,409946,2021-22
EASYGO SOLUTIONS PTY LIMITED,99611437668,212256050,130081514,39024454,2021-22
GUARDFORCE INVESTMENT HOLDINGS PTY LIMITED,46610494105,163229888,,,2021-22
PROBUILD CONSTRUCTIONS (AUST) PTY LTD,93095250945,552714471,,,2021-22
ROBERTS JONES FUNDS MANAGEMENT PTY LTD,32643897367,386805166,,,2021-22
VANDERLANDE INDUSTRIES AUSTRALIA PTY LTD,61164889838,155386576,1269181,380754,2021-22
