company_name,abn,prrt_payable,income_year,release_year,source_workbook,source_sheet,source_row
AWE (OFFSHORE PB) PTY LTD,29008988930,5315502,2013-14,2013-14,2013-14corporate-report-of-entity-tax-information.xlsx,December,1544
AWE OIL (WESTERN AUSTRALIA) PTY LTD,32008939080,5358875,2013-14,2013-14,2013-14corporate-report-of-entity-tax-information.xlsx,December,1545
BHP BILLITON PETROLEUM (AUSTRALIA) PTY. LTD.,39006923879,381369378,2013-14,2013-14,2013-14corporate-report-of-entity-tax-information.xlsx,December,1546
BHP BILLITON PETROLEUM (BASS STRAIT) PTY. LTD.,29004228004,559866686,2013-14,2013-14,2013-14corporate-report-of-entity-tax-information.xlsx,December,1547
BHP BILLITON PETROLEUM (VICTORIA) PTY. LTD.,12006466486,26555124,2013-14,2013-14,2013-14corporate-report-of-entity-tax-information.xlsx,December,1548
ESSO AUSTRALIA RESOURCES PTY LTD,62091829819,538485033,2013-14,2013-14,2013-14corporate-report-of-entity-tax-information.xlsx,December,1549
MITSUI E&P AUSTRALIA PTY LTD,45108437529,63010702,2013-14,2013-14,2013-14corporate-report-of-entity-tax-information.xlsx,December,1550
PEEDAMULLAH PETROLEUM PTY LTD,17009363820,5508558,2013-14,2013-14,2013-14corporate-report-of-entity-tax-information.xlsx,December,1551
ROC OIL (WA) PTY LIMITED,83083143382,10493858,2013-14,2013-14,2013-14corporate-report-of-entity-tax-information.xlsx,December,1552
TALISMAN OIL & GAS (AUSTRALIA) PTY LIMITED,77111708868,9099656,2013-14,2013-14,2013-14corporate-report-of-entity-tax-information.xlsx,December,1553
VERMILION OIL & GAS AUSTRALIA PTY LTD,29113023591,75117597,2013-14,2013-14,2013-14corporate-report-of-entity-tax-information.xlsx,December,1554
WOODSIDE ENERGY LTD.,63005482986,85795767,2013-14,2013-14,2013-14corporate-report-of-entity-tax-information.xlsx,December,1555
AWE (OFFSHORE PB) PTY LIMITED,29008988930,1290297,2014-15,2014-15,2014-15-corporate-report-of-entity-tax-information.xlsx,2014-15,1909
BHP BILLITON PETROLEUM (AUSTRALIA) PTY LTD,39006923879,340737757,2014-15,2014-15,2014-15-corporate-report-of-entity-tax-information.xlsx,2014-15,1910
BHP BILLITON PETROLEUM (BASS STRAIT) PTY LTD,29004228004,293921172,2014-15,2014-15,2014-15-corporate-report-of-entity-tax-information.xlsx,2014-15,1911
BHP BILLITON PETROLEUM (VICTORIA) PTY LTD,12006466486,28110468,2014-15,2014-15,2014-15-corporate-report-of-entity-tax-information.xlsx,2014-15,1912
ESSO AUSTRALIA RESOURCES PTY LTD - BASS STRAIT,62091829819,265070131,2014-15,2014-15,2014-15-corporate-report-of-entity-tax-information.xlsx,2014-15,1913
MITSUI E & P AUSTRALIA PTY LTD,45108437529,82422986,2014-15,2014-15,2014-15-corporate-report-of-entity-tax-information.xlsx,2014-15,1914
PEEDAMULLAH PETROLEUM PTY LIMITED,17009363820,211763,2014-15,2014-15,2014-15-corporate-report-of-entity-tax-information.xlsx,2014-15,1915
QUADRANT PVG PTY LTD,51129604860,114654288,2014-15,2014-15,2014-15-corporate-report-of-entity-tax-information.xlsx,2014-15,1916
ROC OIL (WA) PTY LIMITED,83083143382,3727953,2014-15,2014-15,2014-15-corporate-report-of-entity-tax-information.xlsx,2014-15,1917
TALISMAN OIL & GAS (AUSTRALIA) PTY LIMITED,77111708868,3471458,2014-15,2014-15,2014-15-corporate-report-of-entity-tax-information.xlsx,2014-15,1918
VERMILION OIL & GAS AUSTRALIA PTY LTD,29113023591,36801589,2014-15,2014-15,2014-15-corporate-report-of-entity-tax-information.xlsx,2014-15,1919
WOODSIDE ENERGY LIMITED,63005482986,31087035,2014-15,2014-15,2014-15-corporate-report-of-entity-tax-information.xlsx,2014-15,1920
BHP BILLITON PETROLEUM (AUSTRALIA) PTY LTD,39006923879,185718418,2015-16,2015-16,2015-16-corporate-report-of-entity-tax-information.xlsx,2015-16,2046
BHP BILLITON PETROLEUM (BASS STRAIT) PTY LTD,29004228004,278969430,2015-16,2015-16,2015-16-corporate-report-of-entity-tax-information.xlsx,2015-16,2047
BHP BILLITON PETROLEUM (VICTORIA) PTY LTD,12006466486,23294181,2015-16,2015-16,2015-16-corporate-report-of-entity-tax-information.xlsx,2015-16,2048
ESSO AUSTRALIA RESOURCES PTY LTD - BASS STRAIT,62091829819,237583829,2015-16,2015-16,2015-16-corporate-report-of-entity-tax-information.xlsx,2015-16,2049
MITSUI E & P AUSTRALIA PTY LTD,45108437529,52622225,2015-16,2015-16,2015-16-corporate-report-of-entity-tax-information.xlsx,2015-16,2050
PEEDAMULLAH PETROLEUM PTY LIMITED,17009363820,2243696,2015-16,2015-16,2015-16-corporate-report-of-entity-tax-information.xlsx,2015-16,2051
QUADRANT PVG PTY LTD,51129604860,35505048,2015-16,2015-16,2015-16-corporate-report-of-entity-tax-information.xlsx,2015-16,2052
ROC OIL (WA) PTY LIMITED,83083143382,311812,2015-16,2015-16,2015-16-corporate-report-of-entity-tax-information.xlsx,2015-16,2053
WOODSIDE ENERGY LIMITED,63005482986,29236256,2015-16,2015-16,2015-16-corporate-report-of-entity-tax-information.xlsx,2015-16,2054
A.C.N. 008 939 080 PTY LTD,32008939080,359449,2016-17,2016-17,2016-17-corporate-report-of-entity-tax-information.xlsx,PRRT details,2
A.C.N. 008 988 930 PTY LTD,29008988930,394169,2016-17,2016-17,2016-17-corporate-report-of-entity-tax-information.xlsx,PRRT details,3
BHP BILLITON PETROLEUM (AUSTRALIA) PTY LTD,39006923879,210117987,2016-17,2016-17,2016-17-corporate-report-of-entity-tax-information.xlsx,PRRT details,4
BHP BILLITON PETROLEUM (BASS STRAIT) PTY LTD,29004228004,334627044,2016-17,2016-17,2016-17-corporate-report-of-entity-tax-information.xlsx,PRRT details,5
BHP BILLITON PETROLEUM (VICTORIA) PTY LTD,12006466486,30746297,2016-17,2016-17,2016-17-corporate-report-of-entity-tax-information.xlsx,PRRT details,6
COOPER ENERGY (CH) PTY LTD,70615355023,11341443,2016-17,2016-17,2016-17-corporate-report-of-entity-tax-information.xlsx,PRRT details,7
COOPER ENERGY (MF) PTY LTD,37615354955,1936501,2016-17,2016-17,2016-17-corporate-report-of-entity-tax-information.xlsx,PRRT details,8
ESSO AUSTRALIA RESOURCES PTY LTD - BASS STRAIT,62091829819,323627732,2016-17,2016-17,2016-17-corporate-report-of-entity-tax-information.xlsx,PRRT details,9
JX NIPPON OIL & GAS EXPLORATION (AUSTRALIA) PTY LTD,46078323743,3893918,2016-17,2016-17,2016-17-corporate-report-of-entity-tax-information.xlsx,PRRT details,10
MITSUI E&P AUSTRALIA PTY LTD,45108437529,5771572,2016-17,2016-17,2016-17-corporate-report-of-entity-tax-information.xlsx,PRRT details,11
PEEDAMULLAH PETROLEUM PTY LIMITED,17009363820,2347670,2016-17,2016-17,2016-17-corporate-report-of-entity-tax-information.xlsx,PRRT details,12
QUADRANT PVG PTY LTD,51129604860,9431884,2016-17,2016-17,2016-17-corporate-report-of-entity-tax-information.xlsx,PRRT details,13
TRIANGLE ENERGY (OPERATIONS) PTY LTD,83083143382,735133,2016-17,2016-17,2016-17-corporate-report-of-entity-tax-information.xlsx,PRRT details,14
VERMILION OIL & GAS AUSTRALIA PTY LTD,29113023591,10588522,2016-17,2016-17,2016-17-corporate-report-of-entity-tax-information.xlsx,PRRT details,15
BHP BILLITON PETROLEUM (AUSTRALIA) PTY LTD,39006923879,176844453,2017-18,2017-18,2017-18-corporate-report-of-entity-tax-information.xlsx,PRRT,2
BHP BILLITON PETROLEUM (BASS STRAIT) PTY LTD,29004228004,425412633,2017-18,2017-18,2017-18-corporate-report-of-entity-tax-information.xlsx,PRRT,3
BHP BILLITON PETROLEUM (VICTORIA) PTY LTD,12006466486,32318265,2017-18,2017-18,2017-18-corporate-report-of-entity-tax-information.xlsx,PRRT,4
COOPER ENERGY (MF) PTY LTD,37615354955,794786,2017-18,2017-18,2017-18-corporate-report-of-entity-tax-information.xlsx,PRRT,5
ESSO AUSTRALIA RESOURCES PTY LTD - BASS STRAIT,62091829819,390429595,2017-18,2017-18,2017-18-corporate-report-of-entity-tax-information.xlsx,PRRT,6
JX NIPPON OIL & GAS EXPLORATION (AUSTRALIA) PTY LTD,46078323743,5321630,2017-18,2017-18,2017-18-corporate-report-of-entity-tax-information.xlsx,PRRT,7
QUADRANT PVG PTY LTD,51129604860,114140566,2017-18,2017-18,2017-18-corporate-report-of-entity-tax-information.xlsx,PRRT,8
TRIANGLE ENERGY (OPERATIONS) PTY LTD,83083143382,829122,2017-18,2017-18,2017-18-corporate-report-of-entity-tax-information.xlsx,PRRT,9
VERMILION OIL & GAS AUSTRALIA PTY LTD,29113023591,15648388,2017-18,2017-18,2017-18-corporate-report-of-entity-tax-information.xlsx,PRRT,10
BHP BILLITON PETROLEUM (AUSTRALIA) PTY LTD,39006923879,191052551,2018-19,2018-19,2018-19-corporate-report-of-entity-tax-information.xlsx,PRRT details,2
BHP BILLITON PETROLEUM (BASS STRAIT) PTY LTD,29004228004,389461396,2018-19,2018-19,2018-19-corporate-report-of-entity-tax-information.xlsx,PRRT details,3
BHP BILLITON PETROLEUM (VICTORIA) PTY LTD,12006466486,24344226,2018-19,2018-19,2018-19-corporate-report-of-entity-tax-information.xlsx,PRRT details,4
COOPER ENERGY (MF) PTY LTD,37615354955,461034,2018-19,2018-19,2018-19-corporate-report-of-entity-tax-information.xlsx,PRRT details,5
ESSO AUSTRALIA RESOURCES PTY LTD - BASS STRAIT,62091829819,364110619,2018-19,2018-19,2018-19-corporate-report-of-entity-tax-information.xlsx,PRRT details,6
MITSUI E&P AUSTRALIA PTY LTD,45108437529,2357548,2018-19,2018-19,2018-19-corporate-report-of-entity-tax-information.xlsx,PRRT details,7
OGOG (OTWAY) PTY LTD,29628946752,608469,2018-19,2018-19,2018-19-corporate-report-of-entity-tax-information.xlsx,PRRT details,8
SANTOS WA NORTHWEST PTY LTD,58009140854,4985715,2018-19,2018-19,2018-19-corporate-report-of-entity-tax-information.xlsx,PRRT details,9
SANTOS WA PVG PTY LTD,51129604860,73781724,2018-19,2018-19,2018-19-corporate-report-of-entity-tax-information.xlsx,PRRT details,10
TRIANGLE ENERGY (OPERATIONS) PTY LTD,83083143382,296321,2018-19,2018-19,2018-19-corporate-report-of-entity-tax-information.xlsx,PRRT details,11
VERMILION OIL & GAS AUSTRALIA PTY LTD,29113023591,6258931,2018-19,2018-19,2018-19-corporate-report-of-entity-tax-information.xlsx,PRRT details,12
BHP BILLITON PETROLEUM (AUSTRALIA) PTY LTD,39006923879,153695451,2019-20,2019-20,2019-20-corporate-report-of-entity-tax-information.xlsx,PRRT details,2
BHP BILLITON PETROLEUM (VICTORIA) PTY LTD,12006466486,9669308,2019-20,2019-20,2019-20-corporate-report-of-entity-tax-information.xlsx,PRRT details,3
BHP PETROLEUM (BASS STRAIT) PTY LTD,29004228004,284700555,2019-20,2019-20,2019-20-corporate-report-of-entity-tax-information.xlsx,PRRT details,4
COOPER ENERGY (CH) PTY LTD,70615355023,4137964,2019-20,2019-20,2019-20-corporate-report-of-entity-tax-information.xlsx,PRRT details,5
COOPER ENERGY (MF) PTY LTD,37615354955,67716,2019-20,2019-20,2019-20-corporate-report-of-entity-tax-information.xlsx,PRRT details,6
ESSO AUSTRALIA RESOURCES PTY LTD - BASS STRAIT,62091829819,269244949,2019-20,2019-20,2019-20-corporate-report-of-entity-tax-information.xlsx,PRRT details,7
JADESTONE ENERGY (AUSTRALIA) PTY LTD,48613671819,4354921,2019-20,2019-20,2019-20-corporate-report-of-entity-tax-information.xlsx,PRRT details,8
MITSUI E&P AUSTRALIA PTY LTD,45108437529,508908,2019-20,2019-20,2019-20-corporate-report-of-entity-tax-information.xlsx,PRRT details,9
PEEDAMULLAH PETROLEUM PTY LTD,17009363820,833200,2019-20,2019-20,2019-20-corporate-report-of-entity-tax-information.xlsx,PRRT details,10
SANTOS WA NORTHWEST PTY LTD,58009140854,69090138,2019-20,2019-20,2019-20-corporate-report-of-entity-tax-information.xlsx,PRRT details,11
SANTOS WA PVG PTY LTD,51129604860,56742868,2019-20,2019-20,2019-20-corporate-report-of-entity-tax-information.xlsx,PRRT details,12
VERMILION OIL & GAS AUSTRALIA PTY LTD,29113023591,28116283,2019-20,2019-20,2019-20-corporate-report-of-entity-tax-information.xlsx,PRRT details,13
BHP PETROLEUM (AUSTRALIA) PTY LTD (as of 12 July 2022 – WOODSIDE ENERGY (AUSTRALIA) PTY LTD),39006923879,114674118,2020-21,2020-21,2020-21-corporate-report-of-entity-tax-information.xlsx,PRRT details,2
BHP PETROLEUM (BASS STRAIT) PTY LTD (as of 12 July 2022 – WOODSIDE ENERGY (BASS STRAIT) PTY LTD),29004228004,294804258,2020-21,2020-21,2020-21-corporate-report-of-entity-tax-information.xlsx,PRRT details,3
COOPER ENERGY (CH) PTY LTD,70615355023,5774461,2020-21,2020-21,2020-21-corporate-report-of-entity-tax-information.xlsx,PRRT details,4
ESSO AUSTRALIA RESOURCES PTY LTD - BASS STRAIT,62091829819,301089413,2020-21,2020-21,2020-21-corporate-report-of-entity-tax-information.xlsx,PRRT details,5
MITSUI E&P AUSTRALIA PTY LTD,45108437529,1002445,2020-21,2020-21,2020-21-corporate-report-of-entity-tax-information.xlsx,PRRT details,6
PEEDAMULLAH PETROLEUM PTY LTD,17009363820,1084662,2020-21,2020-21,2020-21-corporate-report-of-entity-tax-information.xlsx,PRRT details,7
SANTOS (BOL) PTY LTD,35000670575,1628127,2020-21,2020-21,2020-21-corporate-report-of-entity-tax-information.xlsx,PRRT details,8
SANTOS WA NORTHWEST PTY LTD,58009140854,145795827,2020-21,2020-21,2020-21-corporate-report-of-entity-tax-information.xlsx,PRRT details,9
SANTOS WA PVG PTY LTD,51129604860,50598330,2020-21,2020-21,2020-21-corporate-report-of-entity-tax-information.xlsx,PRRT details,10
VERMILLION OIL & GAS AUSTRALIA PTY LTD,29113023591,9538970,2020-21,2020-21,2020-21-corporate-report-of-entity-tax-information.xlsx,PRRT details,11
COOPER ENERGY (CH) PTY LTD,70615355023,4607778,2021-22,2021-22,2021-22-corporate-report-of-entity-tax-information.xlsx,PRRT details,2
ESSO AUSTRALIA RESOURCES PTY LTD - BASS STRAIT,62091829819,741286806,2021-22,2021-22,2021-22-corporate-report-of-entity-tax-information.xlsx,PRRT details,3
MITSUI E&P AUSTRALIA PTY LTD,45108437529,87793347,2021-22,2021-22,2021-22-corporate-report-of-entity-tax-information.xlsx,PRRT details,4
PEEDAMULLAH PETROLEUM PTY LTD,17009363820,8809978,2021-22,2021-22,2021-22-corporate-report-of-entity-tax-information.xlsx,PRRT details,5
SANTOS (BOL) PTY LTD,35000670575,21845003,2021-22,2021-22,2021-22-corporate-report-of-entity-tax-information.xlsx,PRRT details,6
SANTOS WA NORTHWEST PTY LTD,58009140854,114251335,2021-22,2021-22,2021-22-corporate-report-of-entity-tax-information.xlsx,PRRT details,7
SANTOS WA PVG PTY LTD,51129604860,110139574,2021-22,2021-22,2021-22-corporate-report-of-entity-tax-information.xlsx,PRRT details,8
SANTOS WA SOUTHWEST PTY LTD,63050611688,9662276,2021-22,2021-22,2021-22-corporate-report-of-entity-tax-information.xlsx,PRRT details,9
VERMILION OIL & GAS AUSTRALIA PTY LTD,29113023591,14282310,2021-22,2021-22,2021-22-corporate-report-of-entity-tax-information.xlsx,PRRT details,10
WOODSIDE ENERGY (AUSTRALIA) PTY LTD,39006923879,188679780,2021-22,2021-22,2021-22-corporate-report-of-entity-tax-information.xlsx,PRRT details,11
WOODSIDE ENERGY (BASS STRAIT) PTY LTD,29004228004,695239478,2021-22,2021-22,2021-22-corporate-report-of-entity-tax-information.xlsx,PRRT details,12
COOPER ENERGY (CH) PTY. LTD.,70615355023,1301037,2022-23,2022-23,2022-23-corporate-report-of-entity-tax-information.xlsx,PRRT details,2
ESSO AUSTRALIA RESOURCES PTY LTD -,62091829819,619052800,2022-23,2022-23,2022-23-corporate-report-of-entity-tax-information.xlsx,PRRT details,3
MITSUI E&P AUSTRALIA PTY LIMITED,45108437529,61655359,2022-23,2022-23,2022-23-corporate-report-of-entity-tax-information.xlsx,PRRT details,4
PEEDAMULLAH PETROLEUM PTY LTD,17009363820,1705478,2022-23,2022-23,2022-23-corporate-report-of-entity-tax-information.xlsx,PRRT details,5
SANTOS (BOL) PTY LTD,35000670575,22005601,2022-23,2022-23,2022-23-corporate-report-of-entity-tax-information.xlsx,PRRT details,6
SANTOS WA NORTHWEST PTY LTD,58009140854,84810642,2022-23,2022-23,2022-23-corporate-report-of-entity-tax-information.xlsx,PRRT details,7
SANTOS WA PVG PTY LTD,51129604860,122469941,2022-23,2022-23,2022-23-corporate-report-of-entity-tax-information.xlsx,PRRT details,8
SANTOS WA SOUTHWEST PTY LIMITED,63050611688,17835926,2022-23,2022-23,2022-23-corporate-report-of-entity-tax-information.xlsx,PRRT details,9
WOODSIDE ENERGY (AUSTRALIA) PTY LTD,39006923879,175040118,2022-23,2022-23,2022-23-corporate-report-of-entity-tax-information.xlsx,PRRT details,10
WOODSIDE ENERGY (BASS STRAIT) PTY LTD,29004228004,695159723,2022-23,2022-23,2022-23-corporate-report-of-entity-tax-information.xlsx,PRRT details,11
WOODSIDE ENERGY LTD.,63005482986,66020853,2022-23,2022-23,2022-23-corporate-report-of-entity-tax-information.xlsx,PRRT details,12
COOPER ENERGY (CH) PTY. LTD.,70615355023,3210449,2023-24,2023-24,2023-24-corporate-report-of-entity-tax-information.xlsx,PRRT details,2
ESSO AUSTRALIA RESOURCES PTY LTD- BASS STRAIT,62091829819,351898218,2023-24,2023-24,2023-24-corporate-report-of-entity-tax-information.xlsx,PRRT details,3
KANSAI ELECTRIC POWER AUSTRALIA PTY LTD,32126720732,7237704,2023-24,2023-24,2023-24-corporate-report-of-entity-tax-information.xlsx,PRRT details,4
KUFPEC AUSTRALIA (JULIMAR) PTY LTD,38139500502,21404964,2023-24,2023-24,2023-24-corporate-report-of-entity-tax-information.xlsx,PRRT details,5
MEPAU OTWAY BASIN PTY LTD,17009363820,3202743,2023-24,2023-24,2023-24-corporate-report-of-entity-tax-information.xlsx,PRRT details,6
MIDOCEAN PLUTO PTY LTD,23126462744,7418023,2023-24,2023-24,2023-24-corporate-report-of-entity-tax-information.xlsx,PRRT details,7
MITSUI E&P AUSTRALIA PTY LTD,45108437529,75846094,2023-24,2023-24,2023-24-corporate-report-of-entity-tax-information.xlsx,PRRT details,8
SANTOS (BOL) PTY LTD,35000670575,418029,2023-24,2023-24,2023-24-corporate-report-of-entity-tax-information.xlsx,PRRT details,9
SANTOS WA NORTHWEST PTY LTD,58009140854,69330991,2023-24,2023-24,2023-24-corporate-report-of-entity-tax-information.xlsx,PRRT details,10
SANTOS WA PVG PTY LTD,51129604860,144019454,2023-24,2023-24,2023-24-corporate-report-of-entity-tax-information.xlsx,PRRT details,11
VERMILION OIL & GAS AUSTRALIA PTY LTD,29113023591,3753096,2023-24,2023-24,2023-24-corporate-report-of-entity-tax-information.xlsx,PRRT details,12
WOODSIDE BURRUP PTY. LTD.,20120237416,150896061,2023-24,2023-24,2023-24-corporate-report-of-entity-tax-information.xlsx,PRRT details,13
WOODSIDE ENERGY (AUSTRALIA) PTY LTD,39006923879,113183482,2023-24,2023-24,2023-24-corporate-report-of-entity-tax-information.xlsx,PRRT details,14
WOODSIDE ENERGY (BASS STRAIT) PTY LTD,29004228004,390477620,2023-24,2023-24,2023-24-corporate-report-of-entity-tax-information.xlsx,PRRT details,15
WOODSIDE ENERGY JULIMAR PTY LTD,56130391365,38447922,2023-24,2023-24,2023-24-corporate-report-of-entity-tax-information.xlsx,PRRT details,16
WOODSIDE ENERGY LTD.,63005482986,102506426,2023-24,2023-24,2023-24-corporate-report-of-entity-tax-information.xlsx,PRRT details,17
CHEVRON AUSTRALIA PTY LTD,29086197757,166500753,2024-25,2024-25,2024-25-corporate-report-of-entity-tax-information.xlsx,PRRT details,2
ESSO AUSTRALIA RESOURCES PTY LTD,62091829819,319005502,2024-25,2024-25,2024-25-corporate-report-of-entity-tax-information.xlsx,PRRT details,3
JERA GORGON PTY LTD,94140107464,1461846,2024-25,2024-25,2024-25-corporate-report-of-entity-tax-information.xlsx,PRRT details,4
KANSAI ELECTRIC POWER AUSTRALIA PTY LTD,32126720732,6702736,2024-25,2024-25,2024-25-corporate-report-of-entity-tax-information.xlsx,PRRT details,5
KUFPEC AUSTRALIA (JULIMAR) PTY LTD,38139500502,21190905,2024-25,2024-25,2024-25-corporate-report-of-entity-tax-information.xlsx,PRRT details,6
MEPAU OTWAY BASIN PTY LTD,17009363820,1795594,2024-25,2024-25,2024-25-corporate-report-of-entity-tax-information.xlsx,PRRT details,7
MIDOCEAN GORGON PTY LTD,16138592042,2959256,2024-25,2024-25,2024-25-corporate-report-of-entity-tax-information.xlsx,PRRT details,8
MIDOCEAN PLUTO PTY LTD,23126462744,6728200,2024-25,2024-25,2024-25-corporate-report-of-entity-tax-information.xlsx,PRRT details,9
MITSUI E&P AUSTRALIA PTY LTD,45108437529,91195385,2024-25,2024-25,2024-25-corporate-report-of-entity-tax-information.xlsx,PRRT details,10
MOBIL AUSTRALIA RESOURCES COMPANY PTY LIMITED,38000113217,87076814,2024-25,2024-25,2024-25-corporate-report-of-entity-tax-information.xlsx,PRRT details,11
OSAKA GAS GORGON PTY LTD,13139074847,4609143,2024-25,2024-25,2024-25-corporate-report-of-entity-tax-information.xlsx,PRRT details,12
SANTOS (BOL) PTY LTD,35000670575,34392004,2024-25,2024-25,2024-25-corporate-report-of-entity-tax-information.xlsx,PRRT details,13
SANTOS WA NORTHWEST PTY LTD,58009140854,50840795,2024-25,2024-25,2024-25-corporate-report-of-entity-tax-information.xlsx,PRRT details,14
SANTOS WA PVG PTY LTD,51129604860,152213981,2024-25,2024-25,2024-25-corporate-report-of-entity-tax-information.xlsx,PRRT details,15
SANTOS WA SOUTHWEST PTY LIMITED,63050611688,16910860,2024-25,2024-25,2024-25-corporate-report-of-entity-tax-information.xlsx,PRRT details,16
SHELL AUSTRALIA PTY LTD,14009663576,87111600,2024-25,2024-25,2024-25-corporate-report-of-entity-tax-information.xlsx,PRRT details,17
WOODSIDE BURRUP PTY. LTD.,20120237416,130369748,2024-25,2024-25,2024-25-corporate-report-of-entity-tax-information.xlsx,PRRT details,18
WOODSIDE ENERGY (AUSTRALIA) PTY LTD,39006923879,162432367,2024-25,2024-25,2024-25-corporate-report-of-entity-tax-information.xlsx,PRRT details,19
WOODSIDE ENERGY (BASS STRAIT) PTY LTD,29004228004,347488259,2024-25,2024-25,2024-25-corporate-report-of-entity-tax-information.xlsx,PRRT details,20
WOODSIDE ENERGY JULIMAR PTY LTD,56130391365,37686120,2024-25,2024-25,2024-25-corporate-report-of-entity-tax-information.xlsx,PRRT details,21
WOODSIDE ENERGY LTD.,63005482986,144148253,2024-25,2024-25,2024-25-corporate-report-of-entity-tax-information.xlsx,PRRT details,22
