company_name,abn,prrt_payable,income_year
A.C.N. 008 939 080 PTY LTD,32008939080,359449,2016-17
A.C.N. 008 988 930 PTY LTD,29008988930,394169,2016-17
BHP BILLITON PETROLEUM (AUSTRALIA) PTY LTD,39006923879,210117987,2016-17
BHP BILLITON PETROLEUM (BASS STRAIT) PTY LTD,29004228004,334627044,2016-17
BHP BILLITON PETROLEUM (VICTORIA) PTY LTD,12006466486,30746297,2016-17
COOPER ENERGY (CH) PTY LTD,70615355023,11341443,2016-17
COOPER ENERGY (MF) PTY LTD,37615354955,1936501,2016-17
ESSO AUSTRALIA RESOURCES PTY LTD - BASS STRAIT,62091829819,323627732,2016-17
JX NIPPON OIL & GAS EXPLORATION (AUSTRALIA) PTY LTD,46078323743,3893918,2016-17
MITSUI E&P AUSTRALIA PTY LTD,45108437529,5771572,2016-17
PEEDAMULLAH PETROLEUM PTY LIMITED,17009363820,2347670,2016-17
QUADRANT PVG PTY LTD,51129604860,9431884,2016-17
TRIANGLE ENERGY (OPERATIONS) PTY LTD,83083143382,735133,2016-17
VERMILION OIL & GAS AUSTRALIA PTY LTD,29113023591,10588522,2016-17
