percentile,sex,ranged_taxable_income,Number of individuals no.,Taxable income or loss $,Net tax $,Total Income or Loss2 $,Total deductions2 $,Net rent2 $,Total business income2 $,Total business expenses2 $
1,Female,"Less than 20,827",46980,677529930,40838991,725525045,41664131,69785649,89130006,63013239
2,Female,"20,827 to 21,525",53405,1130847641,9335366,1191791713,58462392,-6680803,172323979,119569201
3,Female,"21,526 to 22,248",53805,1177677678,18692134,1241366679,61219089,-6723100,161818921,112266257
4,Female,"22,249 to 22,972",54100,1223290443,28229047,1288080347,61373147,-8957850,195679057,146491949
5,Female,"22,973 to 23,694",54020,1260513847,37935588,1328142965,65496501,-6875930,234658669,184827005
6,Female,"23,695 to 24,431",54465,1310651961,48554652,1381161978,67585591,-8896811,146451013,98643783
7,Female,"24,432 to 25,162",54690,1356265564,57340510,1427872919,69468700,-9652338,165125296,116939944
8,Female,"25,163 to 25,898",54635,1394914825,65149183,1467115231,69514784,-8573949,155728751,107173565
9,Female,"25,899 to 26,638",54775,1438848527,73304371,1513894976,72803685,-10472619,142124439,92340610
10,Female,"26,639 to 27,377",54920,1483434042,81571443,1558956265,73513014,-11435549,147181487,99301293
11,Female,"27,378 to 28,121",54740,1519024791,89323581,1594698619,74031386,-12405370,151131983,101692679
12,Female,"28,122 to 28,860",54525,1553641392,97115420,1633283414,77457212,-12188149,141679581,93136719
13,Female,"28,861 to 29,584",54690,1598268616,103442169,1676280723,76756509,-10006691,146099792,97948472
14,Female,"29,585 to 30,283",54120,1620108053,110142946,1698024664,76390922,-8494618,144957804,98109976
15,Female,"30,284 to 30,984",54250,1662088375,117299642,1743006634,78672410,-9654974,143756162,97207081
16,Female,"30,985 to 31,679",54165,1697166699,124400285,1778962945,80448992,-8904416,166545348,119336385
17,Female,"31,680 to 32,364",54180,1735291578,129876988,1817434917,79683367,-9077626,140434481,91863704
18,Female,"32,365 to 32,995",55410,1810889808,127832082,1894143379,81709482,-4146042,129246739,83866003
19,Female,"32,996 to 33,621",55330,1842995530,135549800,1926266882,82071877,-4823826,142083401,94691613
20,Female,"33,622 to 34,241",54880,1862209567,142061326,1945731618,82281797,-3950577,134970873,89926367
21,Female,"34,242 to 34,851",54775,1892341121,149171555,1977639715,83666524,-3908838,127137622,83576939
22,Female,"34,852 to 35,450",54500,1915669643,156993173,2000456954,83114770,-5056976,139301276,94446422
23,Female,"35,451 to 36,038",53700,1919705313,161726440,2006529661,84942023,-5872963,128871902,86228748
24,Female,"36,039 to 36,608",53300,1936259019,168530282,2022991129,85793436,-5949379,129446312,85547920
25,Female,"36,609 to 37,094",52710,1943122991,174734929,2031806823,86395761,-9762916,132592258,91359021
26,Female,"37,095 to 37,661",53085,1984096250,183776448,2074377544,88763258,-7115188,125574682,84397800
27,Female,"37,662 to 38,245",52905,2007892185,193889199,2097064073,87592613,-5091265,110358090,69347704
28,Female,"38,246 to 38,840",52335,2017284943,203264204,2105014659,86449511,-8606473,107201019,69295361
29,Female,"38,841 to 39,429",52185,2042297927,214265728,2129886288,86449377,-7262090,112831841,73386557
30,Female,"39,430 to 40,016",51730,2055015968,223788184,2144206808,87643293,-7533982,104462950,68342219
31,Female,"40,017 to 40,613",51495,2076063921,233802910,2164813354,87721752,-7847142,116399352,76999201
32,Female,"40,614 to 41,218",51055,2088969721,243025295,2177675992,87107772,-8933499,112918926,73965490
33,Female,"41,219 to 41,832",50705,2105660311,252730057,2194961522,87949242,-8204601,115145987,75159356
34,Female,"41,833 to 42,448",50410,2124310214,262714036,2213248229,87980008,-9273117,104261775,67074465
35,Female,"42,449 to 43,074",50135,2143686113,272425169,2233595601,88973024,-10084230,90966173,56202374
36,Female,"43,075 to 43,711",49515,2148591642,280636954,2237779776,87633236,-8976742,120665468,82680113
37,Female,"43,712 to 44,354",48680,2143491583,287256463,2232051619,87474466,-9100472,102688557,66807319
38,Female,"44,355 to 45,000",48170,2152102093,295844405,2242355442,89617392,-9443939,98546911,62838980
39,Female,"45,001 to 45,657",47360,2146795419,301734414,2235881707,87972920,-7620607,105014249,67868782
40,Female,"45,658 to 46,327",47135,2167857110,311754904,2257844996,88851193,-11696520,110284040,75746119
41,Female,"46,328 to 47,003",46665,2177620407,320070624,2267809979,88966143,-9657472,110969763,74757927
42,Female,"47,004 to 47,695",46575,2205286643,331121729,2297291160,90399731,-11724874,109467264,70586176
43,Female,"47,696 to 48,387",45900,2205167377,337899860,2295374412,89408623,-9698945,100675434,65350028
44,Female,"48,388 to 49,060",45770,2230460538,348412331,2322720753,91514232,-11497346,97545722,62009848
45,Female,"49,061 to 49,778",45195,2233419874,354904127,2325365378,91228754,-11831819,103202099,67161566
46,Female,"49,779 to 50,504",44480,2230039618,360635607,2320747956,89696264,-10477670,109505806,73366553
47,Female,"50,505 to 51,257",44105,2244062897,369878942,2335748472,90963874,-14147224,102534568,67187978
48,Female,"51,258 to 52,021",43670,2255103484,377721312,2347721081,91913391,-14629162,92507649,56885454
49,Female,"52,022 to 52,803",43285,2268596733,386202752,2362719372,92939375,-14320295,96934690,62099737
50,Female,"52,804 to 53,608",43390,2308766203,399425257,2402538550,93040777,-14942476,98200572,64687935
51,Female,"53,609 to 54,420",43255,2336346219,410609034,2432720461,95143162,-14510389,98506925,62468871
52,Female,"54,421 to 55,238",42690,2340503223,417877401,2435648038,94361040,-12994149,113541195,77634927
53,Female,"55,239 to 56,083",42545,2368145494,428737428,2465375323,96542052,-15407548,108962724,70901417
54,Female,"56,084 to 56,949",42220,2386001632,438451266,2484561169,97260843,-15398247,101133756,63130272
55,Female,"56,950 to 57,822",42095,2415633802,450427099,2515360173,98370035,-13853534,113524100,75546520
56,Female,"57,823 to 58,705",41810,2435892637,460438661,2534621071,97577118,-17573395,97577092,62918877
57,Female,"58,706 to 59,604",41330,2444795650,468213954,2543970798,97876050,-16721273,151890991,117377623
58,Female,"59,605 to 60,510",41060,2465669071,478738267,2563097740,96738395,-15877422,110563837,73123960
59,Female,"60,511 to 61,458",40975,2498880496,491379726,2600049772,100460153,-15969589,93664672,58213082
60,Female,"61,459 to 62,421",40435,2504597040,498057348,2605520607,100136318,-18645996,108256979,71821301
61,Female,"62,422 to 63,404",40260,2532629885,509992585,2634156185,100424274,-16175930,95013495,60205899
62,Female,"63,405 to 64,416",39650,2533844769,516500735,2633862999,99279557,-16521719,112234725,75516816
63,Female,"64,417 to 65,450",39440,2560808108,527554694,2661684707,100439042,-15370011,115277192,78774041
64,Female,"65,451 to 66,508",39100,2579767196,538010297,2683288879,101594015,-17025347,107522414,71930361
65,Female,"66,509 to 67,599",39115,2622582707,552296603,2727519370,104004234,-15438096,106216668,68192897
66,Female,"67,600 to 68,724",38345,2613561991,556266967,2715721906,101563832,-19523056,102495586,65999809
67,Female,"68,725 to 69,880",38195,2647141770,568845753,2752399201,104243531,-18185989,103171452,64284032
68,Female,"69,881 to 71,068",37810,2664437814,577909600,2769934772,104628854,-16693330,116278401,77831629
69,Female,"71,069 to 72,289",37325,2675183924,585789043,2780108678,104057518,-18500807,103345992,64692933
70,Female,"72,290 to 73,538",37115,2705983146,597821873,2811971057,105107363,-17149244,111294445,70951448
71,Female,"73,539 to 74,819",36615,2715867824,605288467,2823021093,105562312,-16930391,141487184,103764298
72,Female,"74,820 to 76,133",36215,2733131712,614819579,2842824697,108093712,-15901649,101128606,62449598
73,Female,"76,134 to 77,469",35995,2764588574,627427693,2879139914,113304461,-16497223,128149543,86947618
74,Female,"77,470 to 78,807",36045,2816566807,644476605,2929119946,110979787,-14978619,110084661,71082912
75,Female,"78,808 to 79,988",37350,2966851782,684942780,3084556388,116597227,-15100196,107322699,68890484
76,Female,"79,989 to 81,277",36985,2979059462,693353264,3097162850,117324046,-18239124,118299769,77646133
77,Female,"81,278 to 82,809",35355,2900275225,681764722,3016136184,115173964,-14227809,110906465,68899747
78,Female,"82,810 to 84,402",34845,2913021226,692439191,3025773181,111703703,-14034173,116148347,73506960
79,Female,"84,403 to 86,148",34075,2905229581,700486263,3017812524,111301959,-15295913,116647414,74281424
80,Female,"86,149 to 88,009",33495,2916298328,711404201,3026760733,108715799,-10264591,123414918,80197654
81,Female,"88,010 to 90,014",32190,2864636951,706932865,2972951492,107338001,-8933109,120400930,76816177
82,Female,"90,015 to 92,196",31245,2845977775,711192018,2954195741,107177028,-9129864,118570984,73626237
83,Female,"92,197 to 94,587",30025,2803453274,708777752,2909676562,105635683,-10383698,129185348,80968954
84,Female,"94,588 to 97,154",29395,2817498197,721243305,2926015849,107075325,-9084293,132669198,81276425
85,Female,"97,155 to 99,939",28430,2801277391,726362790,2906450919,104383648,-6475786,143300136,91820514
86,Female,"99,940 to 102,990",27585,2797582313,734658517,2900272349,101341392,-7025132,149568555,98502573
87,Female,"102,991 to 106,393",26500,2773273611,737949941,2876843811,102671185,-4106209,147560336,85228690
88,Female,"106,394 to 110,213",25645,2775823828,748601499,2877910418,101191275,-8797580,193148672,126345583
89,Female,"110,214 to 114,527",24325,2731896031,746826719,2833803994,101157799,-4226126,147077637,83871865
90,Female,"114,528 to 119,379",23760,2777280410,769703197,2882128268,103058899,-4654332,245850492,171148593
91,Female,"119,380 to 124,876",22840,2787249466,783836970,2892454328,103655618,-4561165,250228392,169467243
92,Female,"124,877 to 131,208",22060,2822493894,805221911,2924798913,101259277,-1782366,219340724,136349647
93,Female,"131,209 to 138,699",21470,2895097258,839633754,3000983115,104590014,-1322003,206182381,118964545
94,Female,"138,700 to 147,746",21320,3049547969,898871559,3159647655,108721257,-1582462,274534734,172934269
95,Female,"147,747 to 159,256",21250,3255583372,975767350,3373795354,116646389,500916,316912447,193344582
96,Female,"159,257 to 174,247",22205,3698504906,1130013817,3830518584,129824971,-532406,343846439,200108681
97,Female,"174,248 to 191,846",26425,4800779087,1505942588,4965873408,162424344,-8685795,359557997,215247788
98,Female,"191,847 to 228,153",22440,4663776077,1522116635,4826219170,160608099,-1369343,522333298,297903364
99,Female,"228,154 to 312,500",22000,5783179115,2038389867,5989031432,203568800,6565432,915907901,573203840
100,Female,"312,501 or more",20110,13033159294,5432903603,13424982170,380136938,40162789,1467677568,833041566
1,Male,"Less than 20,827",48010,639580734,52586472,699462738,48462648,75628220,319945860,258350645
2,Male,"20,827 to 21,525",41360,875715255,8189423,940414830,61184915,-5584811,405974431,287981700
3,Male,"21,526 to 22,248",41000,897387861,15096246,962706873,61925944,-3908650,410250804,294807964
4,Male,"22,249 to 22,972",40590,917784863,21602690,982547397,61765490,-5352352,422691128,310756123
5,Male,"22,973 to 23,694",40705,949710655,28380262,1019960170,67188713,-4961659,428929561,310566848
6,Male,"23,695 to 24,431",40350,970851092,36035624,1041884535,67831718,-6245410,408599992,291108325
7,Male,"24,432 to 25,162",40150,995699151,41613578,1067837094,67504858,-7825744,435174522,316934186
8,Male,"25,163 to 25,898",40020,1021791624,47440410,1093535830,68505278,-7133567,411203249,292567017
9,Male,"25,899 to 26,638",40105,1053365605,53644436,1127746610,71984704,-8348575,438934481,314299311
10,Male,"26,639 to 27,377",39775,1074265072,58905963,1152111594,75439639,-7028136,446143262,320208502
11,Male,"27,378 to 28,121",40085,1112392406,65136011,1191872235,75603127,-9332938,442244447,317369556
12,Male,"28,122 to 28,860",40235,1146288774,71310290,1226684203,77301134,-8867966,407497466,279764612
13,Male,"28,861 to 29,584",40160,1173695019,75159436,1253364018,77137497,-4725003,386033132,256919044
14,Male,"29,585 to 30,283",40600,1215487730,81582047,1299226731,79529229,-6360608,468377377,336182926
15,Male,"30,284 to 30,984",40430,1238567989,85707941,1322529594,80958944,-7075204,399196039,274041318
16,Male,"30,985 to 31,679",40725,1275975010,91758905,1358756321,80622296,-7107107,463595316,335146158
17,Male,"31,680 to 32,364",40605,1300335608,96916289,1385248566,82727697,-6417166,428466150,300119095
18,Male,"32,365 to 32,995",39300,1284375998,95517994,1366507315,78944804,-3411789,370611468,246883071
19,Male,"32,996 to 33,621",39375,1311716497,100809743,1394533056,80782754,-6844003,444689808,322389317
20,Male,"33,622 to 34,241",39970,1356279952,107224092,1440595111,81888387,-5585274,382075642,263393248
21,Male,"34,242 to 34,851",39915,1378959894,112504356,1466066429,84688590,-4389520,387342204,265526486
22,Male,"34,852 to 35,450",40415,1420615691,119368357,1507139691,84475600,-7920327,394347397,273017719
23,Male,"35,451 to 36,038",40935,1463386188,126524002,1552899943,87579272,-9577327,392060763,269271771
24,Male,"36,039 to 36,608",41500,1507500509,133318777,1599544039,89506418,-7425305,386429273,265008813
25,Male,"36,609 to 37,094",42145,1553595906,141101167,1654625830,97569869,-10339988,395554665,284346974
26,Male,"37,095 to 37,661",41680,1557875009,145287667,1653656005,91872258,-8571087,356999080,236316296
27,Male,"37,662 to 38,245",41755,1584714436,154272922,1680040008,92155514,-9286503,368019280,250245637
28,Male,"38,246 to 38,840",42540,1639636876,165217973,1736232739,94452652,-10077718,379659555,259782236
29,Male,"38,841 to 39,429",42525,1664161630,174411709,1761323840,94954808,-10049327,348367243,229898199
30,Male,"39,430 to 40,016",43115,1712862339,186124841,1810519079,95508784,-8020130,359516649,240609126
31,Male,"40,017 to 40,613",43305,1745920397,195664011,1846092946,98025544,-13347933,414277324,288945628
32,Male,"40,614 to 41,218",43615,1784623404,206746081,1886594926,100281199,-12749430,434636495,311373368
33,Male,"41,219 to 41,832",44050,1829260258,218063733,1933887994,103441563,-13164701,370240707,253316206
34,Male,"41,833 to 42,448",44380,1870184108,229577080,1976282502,104097120,-13229805,371292437,249341706
35,Male,"42,449 to 43,074",44555,1905330079,240222834,2012759341,106043717,-13399968,333602240,220307958
36,Male,"43,075 to 43,711",45345,1967550359,254120777,2078670727,109358523,-12395136,360171769,237351363
37,Male,"43,712 to 44,354",46040,2027259139,269082073,2141089710,111450650,-15463744,364239388,250191272
38,Male,"44,355 to 45,000",46760,2089198118,283915100,2205767842,115049263,-16213438,361586453,244124035
39,Male,"45,001 to 45,657",47200,2139453135,298062932,2257459065,116611912,-17959139,337844034,219893979
40,Male,"45,658 to 46,327",47715,2194646738,312525372,2317087732,120528334,-16356266,362136646,240759119
41,Male,"46,328 to 47,003",48010,2240552896,325761372,2363920775,122141468,-18636440,366350123,249780882
42,Male,"47,004 to 47,695",48225,2283450994,339150200,2407093925,121856437,-20076562,355106595,233639893
43,Male,"47,696 to 48,387",48880,2348228135,355641268,2477438291,127434240,-18133292,374965535,256154605
44,Male,"48,388 to 49,060",49100,2392503417,369380816,2520681893,126370691,-18815934,357670520,237916967
45,Male,"49,061 to 49,778",49525,2447572246,384598559,2582791220,132772700,-21450213,345894687,228366196
46,Male,"49,779 to 50,504",50240,2518925093,403433603,2661910859,141448635,-21961825,353774371,228881222
47,Male,"50,505 to 51,257",50630,2575916230,420074087,2714517635,136856287,-24545367,496886641,370819297
48,Male,"51,258 to 52,021",51105,2639015780,437780981,2780154775,138942123,-24877939,368278299,245954847
49,Male,"52,022 to 52,803",51500,2699251650,455480290,2844478992,143408594,-26537224,361611252,239794757
50,Male,"52,804 to 53,608",51420,2735931191,469214725,2883414236,145686411,-28331403,388488813,267285485
51,Male,"53,609 to 54,420",51505,2782130088,485285531,2932091368,148416936,-27092474,371998317,253659029
52,Male,"54,421 to 55,238",52025,2852621897,504935450,3005465978,150453530,-24638608,357723887,236825941
53,Male,"55,239 to 56,083",52240,2907832423,522734558,3064374890,154821948,-27317934,363363814,246491163
54,Male,"56,084 to 56,949",52480,2965889763,541239231,3126088939,158252032,-26446049,371412809,251807128
55,Male,"56,950 to 57,822",52690,3023693927,559651183,3188827511,162319766,-31765210,381573293,258623188
56,Male,"57,823 to 58,705",52965,3085893886,579928278,3252237119,164758433,-31957991,397386904,275515095
57,Male,"58,706 to 59,604",53445,3161547182,602171252,3331088919,167733227,-34507657,349623735,225596193
58,Male,"59,605 to 60,510",53710,3225610790,622908560,3396130855,168247418,-33311197,439256393,314230432
59,Male,"60,511 to 61,458",53800,3280725926,641041073,3457601668,175486041,-33193969,446045300,322246672
60,Male,"61,459 to 62,421",54345,3366156185,666065775,3545913411,178442978,-35275808,358274960,237636870
61,Male,"62,422 to 63,404",54500,3428889551,687244355,3613241424,182412100,-36360706,356729583,236414602
62,Male,"63,405 to 64,416",55140,3523939992,715248943,3710382300,185115228,-35242315,408031485,284484662
63,Male,"64,417 to 65,450",55300,3590649032,736874948,3781521563,188357072,-37825805,376681663,254800974
64,Male,"65,451 to 66,508",55605,3668779254,761899688,3860835148,190237349,-37932498,359244299,242195154
65,Male,"66,509 to 67,599",55720,3736192976,784724104,3931716741,193530383,-40097998,350508427,232338000
66,Male,"67,600 to 68,724",56385,3843261354,814736884,4046674438,200892702,-40913490,377939623,255140754
67,Male,"68,725 to 69,880",56595,3922069007,839821950,4123870068,200231435,-41044280,404984297,283767313
68,Male,"69,881 to 71,068",56930,4011949354,867002264,4220057195,205069582,-44880064,429000515,308845779
69,Male,"71,069 to 72,289",57500,4121489166,899496047,4333151985,209980916,-46103180,411593747,286166033
70,Male,"72,290 to 73,538",57610,4200453099,925270940,4415132427,212483839,-46175666,509124900,396968225
71,Male,"73,539 to 74,819",58155,4314008775,959366078,4535211477,218209703,-47536489,378381887,256319338
72,Male,"74,820 to 76,133",58550,4418796904,991710665,4645478751,224796819,-50231957,470538506,344092083
73,Male,"76,134 to 77,469",58765,4513155580,1021101957,4742129449,226497968,-47129611,407397483,286573933
74,Male,"77,470 to 78,807",58710,4587666896,1047778579,4822245568,232535538,-47404716,414601981,296335549
75,Male,"78,808 to 79,988",57510,4567699034,1051544819,4800672026,230545413,-44060802,478523030,356511889
76,Male,"79,989 to 81,277",57665,4646637537,1078846901,4881276422,231420640,-47927074,413811779,297293103
77,Male,"81,278 to 82,809",59430,4875449425,1143970498,5123981348,246527101,-52410584,424706833,303081149
78,Male,"82,810 to 84,402",59935,5010579093,1190324092,5261924395,249013162,-54355291,412788955,295597867
79,Male,"84,403 to 86,148",60710,5176756982,1247006062,5428108538,248416366,-54364324,441038010,321748483
80,Male,"86,149 to 88,009",61245,5332766906,1299572863,5588458714,253333638,-54827095,471016809,345443572
81,Male,"88,010 to 90,014",62565,5568589238,1373118662,5835186608,263777544,-58875462,417929956,286504031
82,Male,"90,015 to 92,196",63565,5790256648,1445473037,6061878538,268983857,-63689752,433180091,300182101
83,Male,"92,197 to 94,587",64690,6040877939,1526797268,6324628292,281481277,-67648423,495484599,353800567
84,Male,"94,588 to 97,154",65400,6269101295,1605703632,6559879551,288041509,-68975548,469245359,325718405
85,Male,"97,155 to 99,939",66310,6534503553,1696074436,6834071193,297630038,-71758111,466987717,327943551
86,Male,"99,940 to 102,990",67195,6816379431,1791649833,7123813743,305744229,-78497467,499829624,345739113
87,Male,"102,991 to 106,393",68255,7144237334,1902498342,7463142591,316164141,-79721293,565483619,404302736
88,Male,"106,394 to 110,213",69115,7483380228,2022266923,7815061838,328771226,-86903650,540216663,376978445
89,Male,"110,214 to 114,527",70435,7912553059,2167065535,8253216596,336512082,-92162583,636297504,455198877
90,Male,"114,528 to 119,379",71000,8300935718,2308165749,8654617834,351363545,-98716902,711346209,531670107
91,Male,"119,380 to 124,876",71950,8782944295,2477914190,9148085577,361338766,-102136571,774687211,587674452
92,Male,"124,877 to 131,208",72700,9303916523,2666577499,9680363514,373316786,-105060590,693653295,496611300
93,Male,"131,209 to 138,699",73295,9883400014,2879556677,10276052248,386911332,-108001348,728247771,505220971
94,Male,"138,700 to 147,746",73440,10506976354,3113399707,10914284097,404448320,-116396899,825040571,574373625
95,Male,"147,747 to 159,256",73520,11266467363,3396514760,11699878809,424325178,-120438260,947592033,664750986
96,Male,"159,257 to 174,247",72560,12072334539,3712664776,12540347438,461616142,-127533915,1107361101,771590239
97,Male,"174,248 to 191,846",68330,12444646572,3917748637,12924827114,474947309,-123238022,1219742121,843636558
98,Male,"191,847 to 228,153",72330,15040179079,4944433338,15594260932,547338879,-160858562,1949719282,1334478534
99,Male,"228,154 to 312,500",72770,19138810554,6745083112,19834433342,686184736,-196666949,2916163573,1874544952
100,Male,"312,501 or more",74660,47062277329,19466301926,48581327952,1463553375,-300747233,11521536862,6310947229
